path	state	candidate_git_blob	main_git_blob
services/platform/agentsec-api/audit_export_aws.go	new	6a19583cce46c379002d0acfa2a22ddb22e1e13e	-
services/platform/agentsec-api/audit_export_config.go	new	eb0cae4a033e72b1e1d935f9bc8c61835a71a642	-
services/platform/agentsec-api/connector_aws.go	modified	9553afbaf7502a78febc2a8aaa986a2a71ea544b	323b756d0095e22add45b0b28daa70037a5c3ceb
services/platform/agentsec-api/connector_providers.go	unchanged	791cee23a94d78dc53cecaf123c4d90b58024239	791cee23a94d78dc53cecaf123c4d90b58024239
services/platform/agentsec-api/finding_ticket_production.go	unchanged	0866a087d2142f41e2b90b7079eb3a1cc54c2ff8	0866a087d2142f41e2b90b7079eb3a1cc54c2ff8
services/platform/agentsec-api/lifecycle_workers.go	unchanged	abd13d4a49a2c9a2f9ba6fdfe90e7a14365950dd	abd13d4a49a2c9a2f9ba6fdfe90e7a14365950dd
services/platform/agentsec-api/main.go	modified	dfd7acb9274a8141e60e34d72a625e6965f40508	268c49dc80864917b26ca2f6ab97c8aeebcf0cf0
services/platform/agentsec-api/nango_connector_provider.go	unchanged	acaf2fbfc2f382a7c5c814d7f7c649888b4aeb16	acaf2fbfc2f382a7c5c814d7f7c649888b4aeb16
services/platform/agentsec-api/operational.go	modified	86694026d6decd2b6af25216d07f299f0bf9fdce	d25215022a1003494ff0c088561749f408a58fe5
services/platform/agentsec-api/policy_production.go	unchanged	ce2e41aa37d6375216e74b81362e2f8c08a8fd09	ce2e41aa37d6375216e74b81362e2f8c08a8fd09
services/platform/agentsec-api/production_runtime.go	modified	858acb99eba2d1f04cd8c7dd4fff0be1ed925197	d1fa8f6ea3dc552088e2ed699155d27f47d3a1cc
services/platform/agentsec-api/reconciliation_maintenance.go	unchanged	0998f00b92cb99685c99e43563a5337182053490	0998f00b92cb99685c99e43563a5337182053490
services/platform/agentsec-api/reference_connectors.go	unchanged	45f21a8415dec4944c0978e6a6ada5b509b977ef	45f21a8415dec4944c0978e6a6ada5b509b977ef
services/platform/agentsec-api/runtime.go	modified	f0d39f71f831e4918229bd4262850bf18adb05c8	e9c67f8e11780dad0be535dca136ba1b05d7fbd3
services/platform/agentsec-migrate/audit_exports_configuration.go	new	ef53c011aeb9974c9c7f8fd7e7cba20f076c5fc5	-
services/platform/agentsec-migrate/audit_exports_registration.go	new	09ae22394fea9b59bdd9650faa401c5f7ccfc3f4	-
services/platform/agentsec-migrate/bootstrap_release.go	new	5ed51492a416ad82744e646f625609d27b0adf6f	-
services/platform/agentsec-migrate/main.go	modified	828625d2945f3e0b4011bbb8890b2ca3e97bfa70	c7b437a8d91717d046d05a674cce1bb806a5b2ae
services/platform/agentsec-migrate/security_agent_global_control.go	new	2a32b7eb429e1f783dfa11f02439c28e0b1c6b51	-
services/platform/agentsec-worker/attack_lab_evidence.go	unchanged	96c9c4bb400794697343e776b9f16578a87afeb2	96c9c4bb400794697343e776b9f16578a87afeb2
services/platform/agentsec-worker/attack_lab_identity.go	unchanged	371e7b5107a119bd98e7a0b788bee8b54deb62b0	371e7b5107a119bd98e7a0b788bee8b54deb62b0
services/platform/agentsec-worker/attack_lab_kubernetes_api.go	unchanged	90704b3b3322dd0102628b2ba7b508740a3aaaac	90704b3b3322dd0102628b2ba7b508740a3aaaac
services/platform/agentsec-worker/attack_lab_kubernetes_provider.go	unchanged	f438d58129f216f2d59260e97caa3a5626378cb2	f438d58129f216f2d59260e97caa3a5626378cb2
services/platform/agentsec-worker/attack_lab_outbox_runtime.go	unchanged	93fed39e8fb434e66187cd16de77c8594a351d5f	93fed39e8fb434e66187cd16de77c8594a351d5f
services/platform/agentsec-worker/attack_lab_production.go	unchanged	9ce9e47326a295f4468026cbd836c8bddc6dbb66	9ce9e47326a295f4468026cbd836c8bddc6dbb66
services/platform/agentsec-worker/attack_lab_runtime.go	unchanged	8f678739eec3c6ea5ce2541df129fbf3a1a0c36a	8f678739eec3c6ea5ce2541df129fbf3a1a0c36a
services/platform/agentsec-worker/audit_export_database.go	new	a007a11834f213f2b8c089faa6700256d93e4f8f	-
services/platform/agentsec-worker/audit_export_dispatch.go	new	e73cb4e469bec36e7d506fc34ff37aeba6df4be2	-
services/platform/agentsec-worker/audit_export_outbox.go	new	0e656f9936e50e62e217efe8f04991990a6e5f75	-
services/platform/agentsec-worker/audit_export_production.go	new	3285a3a6865e6f22233646caa9a1caeec3b5e26e	-
services/platform/agentsec-worker/audit_export_runtime.go	new	5b639075ca194e5466b51092934462897a642efa	-
services/platform/agentsec-worker/discovery_artifacts.go	unchanged	f38e3d7259b4b3a6267941470f82e471b4c68cf4	f38e3d7259b4b3a6267941470f82e471b4c68cf4
services/platform/agentsec-worker/discovery_aws_inventory.go	unchanged	70cfa85a21a76ff01c7b6095f75a74a0b5313845	70cfa85a21a76ff01c7b6095f75a74a0b5313845
services/platform/agentsec-worker/discovery_aws_security.go	unchanged	756d5382d453fa1ff8f363851ed88a73a7571aaf	756d5382d453fa1ff8f363851ed88a73a7571aaf
services/platform/agentsec-worker/discovery_clients.go	unchanged	161c9f04c119d1601ebf09cc43d4e0e6c52b9ece	161c9f04c119d1601ebf09cc43d4e0e6c52b9ece
services/platform/agentsec-worker/discovery_cloud.go	modified	ca41b2196df80d11cbe126f57acbd751d6fa4064	d1298aa195e88eb5e9e103f91306e4f1aecf8a3c
services/platform/agentsec-worker/discovery_composition.go	unchanged	2000c3c37b95ae8e44518446bdd9877a6d1ff96b	2000c3c37b95ae8e44518446bdd9877a6d1ff96b
services/platform/agentsec-worker/discovery_credentials.go	unchanged	ff97e41a27c093ea34421a677717bd8257772b63	ff97e41a27c093ea34421a677717bd8257772b63
services/platform/agentsec-worker/discovery_dependencies.go	unchanged	3cc0a562121f8fcd210b256c28be4466616e21da	3cc0a562121f8fcd210b256c28be4466616e21da
services/platform/agentsec-worker/discovery_production.go	unchanged	4c25c0a6ac0a92d943e1fb9a2fbaa4d7b1f55f65	4c25c0a6ac0a92d943e1fb9a2fbaa4d7b1f55f65
services/platform/agentsec-worker/discovery_provider_tokens.go	unchanged	7a9425b952b0094448f7dcc71956f6bae1af5ff8	7a9425b952b0094448f7dcc71956f6bae1af5ff8
services/platform/agentsec-worker/discovery_queue.go	unchanged	e5684bf339c09559a9de57177041d2199a38c7b5	e5684bf339c09559a9de57177041d2199a38c7b5
services/platform/agentsec-worker/execution_runtime.go	unchanged	e70c97fb4b168118d33f8aca9def2b91cbc562b6	e70c97fb4b168118d33f8aca9def2b91cbc562b6
services/platform/agentsec-worker/expiry.go	unchanged	8e4e599096167d8671ba2173cbb6aadf723a1481	8e4e599096167d8671ba2173cbb6aadf723a1481
services/platform/agentsec-worker/main.go	unchanged	8122c3f0f109db1d0d4c3a10c14864b37319d8bd	8122c3f0f109db1d0d4c3a10c14864b37319d8bd
services/platform/agentsec-worker/metrics.go	unchanged	853354e6496348a4e23f2379ca6be6748c0b0c88	853354e6496348a4e23f2379ca6be6748c0b0c88
services/platform/agentsec-worker/outbox_production.go	modified	8a1cd40b4efb6678dff688e3d353be9f0962ac5a	298c5dbb34d3548603fc13b25ba78fc0e5b4ad8d
services/platform/agentsec-worker/outbox_runtime.go	unchanged	eefea4331fd116ba69c730d4c3961647644fda43	eefea4331fd116ba69c730d4c3961647644fda43
services/platform/agentsec-worker/policy_deployment_runtime.go	unchanged	89b6e74fcdea3b3784e24447b620f0813b11118c	89b6e74fcdea3b3784e24447b620f0813b11118c
services/platform/agentsec-worker/production_runtime.go	modified	52fad4fba53da294746d635ee36da5bec639779e	045ad81b5c561084fae3c29c25e42173e026337d
services/platform/agentsec-worker/projection_init.go	unchanged	3e4cd9eca847ae8914988d56b295d8f9b2db5efe	3e4cd9eca847ae8914988d56b295d8f9b2db5efe
services/platform/agentsec-worker/projection_production.go	unchanged	2ced1831a2c76d0ea801d922aeca3fd4f8a9b199	2ced1831a2c76d0ea801d922aeca3fd4f8a9b199
services/platform/agentsec-worker/projection_runtime.go	unchanged	6b80c2a4b4e78902e0762f0e4a0d9b5cd947d3e4	6b80c2a4b4e78902e0762f0e4a0d9b5cd947d3e4
services/platform/agentsec-worker/recovery_artifacts.go	unchanged	960bb747b7f537025f2e70342317b46716e7a778	960bb747b7f537025f2e70342317b46716e7a778
services/platform/agentsec-worker/recovery_database.go	unchanged	f2984c4bc166020a84e421e71067e3daa90e0441	f2984c4bc166020a84e421e71067e3daa90e0441
services/platform/agentsec-worker/recovery_evidence_sample.go	unchanged	fcbbd2ca32ad8e71aed3b79eb912b7c22a8cfaf2	fcbbd2ca32ad8e71aed3b79eb912b7c22a8cfaf2
services/platform/agentsec-worker/recovery_job.go	unchanged	99761ed47bc58d2456348c843eb8f6f4f5f7516b	99761ed47bc58d2456348c843eb8f6f4f5f7516b
services/platform/agentsec-worker/recovery_kubernetes.go	unchanged	7c9fea3080c2e83d4cfe533ddebd1bccae70ee24	7c9fea3080c2e83d4cfe533ddebd1bccae70ee24
services/platform/agentsec-worker/recovery_kubernetes_api.go	unchanged	08c64ae16c77fb128eed1f2125a55e6f3202392c	08c64ae16c77fb128eed1f2125a55e6f3202392c
services/platform/agentsec-worker/recovery_manifest_loader.go	unchanged	b80901acfe1f90323f40be765a17cf19ddd4ce78	b80901acfe1f90323f40be765a17cf19ddd4ce78
services/platform/agentsec-worker/recovery_metrics.go	unchanged	2949a31a8b78ee5a6f69b8b990dc19c5c2f42704	2949a31a8b78ee5a6f69b8b990dc19c5c2f42704
services/platform/agentsec-worker/recovery_neon.go	unchanged	42fd112c699cee76ba8356f1b7bb7098c326a50e	42fd112c699cee76ba8356f1b7bb7098c326a50e
services/platform/agentsec-worker/recovery_outbox_runtime.go	unchanged	85842bd86de436d1fd325dc894ec4671432a89b9	85842bd86de436d1fd325dc894ec4671432a89b9
services/platform/agentsec-worker/recovery_production.go	unchanged	e174ead793dbcd9552ef2beb7977d61cba949f12	e174ead793dbcd9552ef2beb7977d61cba949f12
services/platform/agentsec-worker/recovery_projection_target.go	unchanged	9cc76d775148c9d678ff09e094ace2679f4b82da	9cc76d775148c9d678ff09e094ace2679f4b82da
services/platform/agentsec-worker/recovery_restore.go	unchanged	d532cdaf033d6d3642e70800414318575bc4ef3c	d532cdaf033d6d3642e70800414318575bc4ef3c
services/platform/agentsec-worker/recovery_runtime.go	unchanged	cc7bf3d1e103482c6f9061141825bd8e97e0fdb1	cc7bf3d1e103482c6f9061141825bd8e97e0fdb1
services/platform/agentsec-worker/recovery_signing.go	unchanged	a0df0258e3f5d1d3ba467fbaf98aa94e89b21e84	a0df0258e3f5d1d3ba467fbaf98aa94e89b21e84
services/platform/agentsec-worker/red_team_artifact.go	modified	8af955fd77a15daa9bdbaa08f535068d0826546b	478232159c7d6b784aaf465233aca145dd584e81
services/platform/agentsec-worker/red_team_command_linux.go	unchanged	8ad17ca8e684905b69239fa0bdeef0e699c18c00	8ad17ca8e684905b69239fa0bdeef0e699c18c00
services/platform/agentsec-worker/red_team_execution_runtime.go	modified	ba042619b976b02f39289a17fc89b8b476acbf79	1fdbc0e52608d2c1110dd3073b22a64a6884f794
services/platform/agentsec-worker/red_team_linked_runtime.go	new	e7370fa8ec3e651f9ca7a44fac6c564743c8b297	-
services/platform/agentsec-worker/red_team_outbox_runtime.go	unchanged	24632a5f4e335d044baf809180716634e81dc931	24632a5f4e335d044baf809180716634e81dc931
services/platform/agentsec-worker/red_team_production.go	modified	9e730488b5829dc1f98ecb953d9fec4213be1fb6	a922f19ee67640fffa35d1e73559c14700f52457
services/platform/agentsec-worker/red_team_routing.go	new	c9688e2bf4738058e20a3682089a7fe3c0d92bfd	-
services/platform/agentsec-worker/red_team_runner.go	modified	a1f0e99154784df4407515e353b6ca0c7f15b36a	a4afba0c9e0579c77f99ca5166296be8b6ae95e1
services/platform/agentsec-worker/risk_projection.go	unchanged	b7111f56fc54c73ff619c7253d0c4d90b67e8015	b7111f56fc54c73ff619c7253d0c4d90b67e8015
services/platform/agentsec-worker/runtime_archive.go	unchanged	72fd16bb663e5d68bc851af4fbf78e935980aa4d	72fd16bb663e5d68bc851af4fbf78e935980aa4d
services/platform/agentsec-worker/runtime_archive_production.go	unchanged	42732deed9da5ca416680d936c5c4de57e0c28f9	42732deed9da5ca416680d936c5c4de57e0c28f9
services/platform/agentsec-worker/runtime_complete.go	unchanged	294f4fa2fba258d95e975da35ebc72d6f0f45399	294f4fa2fba258d95e975da35ebc72d6f0f45399
services/platform/agentsec-worker/runtime_complete_production.go	unchanged	f38f6f3af6781e58433276b7698bab6607eb198d	f38f6f3af6781e58433276b7698bab6607eb198d
services/platform/agentsec-worker/runtime_config.go	modified	e4d5625a94fdc43ad229f755c035a086c7554f1f	8e9399e6ea5e486d54e4d8492bc57c4f8f9ac41c
services/platform/agentsec-worker/runtime_coordinator.go	unchanged	2b5b76619b07f6ac0d5067fd47c8369080439e50	2b5b76619b07f6ac0d5067fd47c8369080439e50
services/platform/agentsec-worker/runtime_correlation.go	unchanged	30cb2e3eb00f0b6140f7c2bf7828140f17137632	30cb2e3eb00f0b6140f7c2bf7828140f17137632
services/platform/agentsec-worker/runtime_correlation_production.go	unchanged	b53ef330e62a11ce3a115031a24374c76e47dfd1	b53ef330e62a11ce3a115031a24374c76e47dfd1
services/platform/agentsec-worker/runtime_index.go	unchanged	8bdf202da5328b9aea195a636aae7375658d07a8	8bdf202da5328b9aea195a636aae7375658d07a8
services/platform/agentsec-worker/runtime_index_production.go	unchanged	1cd94ce345f1d4b0e1acaf4a6567c90f853d1560	1cd94ce345f1d4b0e1acaf4a6567c90f853d1560
services/platform/agentsec-worker/runtime_precision_startup.go	unchanged	c77177f4f0a304d7afa660cdbd5905e1cf3283f3	c77177f4f0a304d7afa660cdbd5905e1cf3283f3
services/platform/agentsec-worker/runtime_projection.go	unchanged	53c94100d2863ee90db65f7219aeb8ef016816c0	53c94100d2863ee90db65f7219aeb8ef016816c0
services/platform/agentsec-worker/runtime_projection_production.go	unchanged	85f520160890bad6c4e2fdff870337116600d9fd	85f520160890bad6c4e2fdff870337116600d9fd
services/platform/agentsec-worker/runtime_queue_production.go	unchanged	13958a4d3c5250cba57599f9f470df5583c664cc	13958a4d3c5250cba57599f9f470df5583c664cc
services/platform/agentsec-worker/runtime_session_search.go	unchanged	e218c8f5024a52be19ca8f2d0f4a6681bdd5c3a1	e218c8f5024a52be19ca8f2d0f4a6681bdd5c3a1
services/platform/agentsec-worker/runtime_session_search_database.go	unchanged	74c03bd9cdd07212d6e2aff1c56e584ecc1be68b	74c03bd9cdd07212d6e2aff1c56e584ecc1be68b
services/platform/agentsec-worker/runtime_session_search_precise.go	unchanged	6b7d34aa58af51fb756883ab6fdfffdb88bceb94	6b7d34aa58af51fb756883ab6fdfffdb88bceb94
services/platform/agentsec-worker/runtime_session_search_precision_database.go	unchanged	86af4ac99b62d7bb53c7e840f64cfb0af555fd74	86af4ac99b62d7bb53c7e840f64cfb0af555fd74
services/platform/agentsec-worker/runtime_session_search_processor.go	unchanged	923998b17a2b55b64131932171090b3d63358086	923998b17a2b55b64131932171090b3d63358086
services/platform/agentsec-worker/runtime_stage.go	unchanged	eecf35691a713b19c152da254f027e5497576396	eecf35691a713b19c152da254f027e5497576396
services/platform/agentsec-worker/scheduler_runtime.go	unchanged	162d5a010df84fff7babe7200d62855956b25c29	162d5a010df84fff7babe7200d62855956b25c29
services/platform/agentsec-worker/security_agent_action_production.go	unchanged	8aec4f31b123bed16a4bec2eaf699e2c5690f612	8aec4f31b123bed16a4bec2eaf699e2c5690f612
services/platform/agentsec-worker/security_agent_action_runtime.go	modified	b78a9df65d3f7d5d96524217aea70878598dc72a	f7fc5350e52bf2436862594246076b2650a48eae
services/platform/agentsec-worker/security_agent_budget.go	new	b5cd3d7a735f4367aa8c47f7eeac5f17ab0119e6	-
services/platform/agentsec-worker/security_agent_budget_runtime.go	new	d7b72385c6803f6119f1b06d0a8fb18e19b2bf5d	-
services/platform/agentsec-worker/security_agent_planner.go	modified	5cd3ed25ce2da0a9b7d94f73bd638786ef070edd	59114d583f8d8df1fd6f3174e96d72dbc11aeb83
services/platform/agentsec-worker/security_agent_runtime.go	modified	28022ec8fef755c20bbf61552a1f7bc9cfb10d85	c9951d3c1d0266e6f4c006705b07946317a19da8
services/platform/agentsec-worker/security_agent_test_client.go	new	315c40400a6aceabc466308e640a827d6a3b71e8	-
services/platform/agentsec-worker/security_agent_test_cloud.go	new	332cb1c908f7e8273dae309e84e253fa4ae3ae00	-
services/platform/agentsec-worker/security_agent_test_comparison.go	new	ecbef1d8ec8c16c2de320e536cc3a7c1d63bbe58	-
services/platform/agentsec-worker/security_agent_test_evidence.go	new	becd5457184b593b797d55fefd2ae2e22c4b6070	-
services/platform/agentsec-worker/security_agent_test_reconciler.go	new	1a253f0fe8f9b09824c7b633b730c88f51aba4ad	-
services/platform/agentsec-worker/security_agent_test_runtime.go	new	becfb75f4da320b7e4c1c7cca888e5450ea5ddf4	-
services/platform/agentsec-worker/security_agent_test_scheduler.go	new	074c15fc1f29be0e4d0522c90a89973e8f8a7fcd	-
services/platform/agentsec-worker/security_agent_test_settlement_client.go	new	1b46e0fd24a1060473e22ea3dc88e7a0be32b7b9	-
services/platform/agentsec-worker/security_agent_test_snapshot.go	new	33ce76924a247040a4175bc26a6b2b9f35b6c4b5	-
services/platform/apiserver/administration_repository.go	unchanged	7b8d369061942f6f70af1f9e7c751d80ab08771b	7b8d369061942f6f70af1f9e7c751d80ab08771b
services/platform/apiserver/api_token_reveal.go	unchanged	bb55a978ce384120cd4737a851ec0cbee2c833f9	bb55a978ce384120cd4737a851ec0cbee2c833f9
services/platform/apiserver/approval_notification.go	unchanged	f22acb9ee46b015e5b600b2685479018931c7355	f22acb9ee46b015e5b600b2685479018931c7355
services/platform/apiserver/approval_notification_repository.go	unchanged	225b91f09cc13aab675bda629505d31729d2d8ad	225b91f09cc13aab675bda629505d31729d2d8ad
services/platform/apiserver/attack_lab_execution_repository.go	unchanged	3c363d5c22d47e919b43aa3b37909c04d517351d	3c363d5c22d47e919b43aa3b37909c04d517351d
services/platform/apiserver/attack_lab_repository.go	unchanged	92901251c85d02a7d3ad87dd79e3475a3b3f41bd	92901251c85d02a7d3ad87dd79e3475a3b3f41bd
services/platform/apiserver/audit_export_artifacts.go	new	9a4857f9975c09b1bb6ec25037a2cc7e658545a1	-
services/platform/apiserver/audit_export_composition.go	new	f08ab260ed71041db32c3188ac746cad497872ef	-
services/platform/apiserver/audit_export_contents.go	new	aaae13a9ff2015796d945f70db8d5170abb98ae1	-
services/platform/apiserver/audit_export_cursor.go	new	98bc4ceec6af2120b60b9c3c9c21f18f82895f73	-
services/platform/apiserver/audit_export_http.go	new	c773b0358c2ece1321637ee9c1202c3f31f298c0	-
services/platform/apiserver/audit_export_policy.go	new	66fecbc93c3d25e672076532529fa4d020bc16a7	-
services/platform/apiserver/audit_export_production.go	new	7322940d2cc3e37e887a56f0e7ac434152480b47	-
services/platform/apiserver/audit_export_read.go	new	5549cf7047d0e313d13049afb2255d16129c46a9	-
services/platform/apiserver/audit_export_repository.go	new	efc7bfc226df349da0613085b6deee781225627b	-
services/platform/apiserver/audit_list_filters.go	new	ad9f39481725087b76b32894f33a54b1596aaa07	-
services/platform/apiserver/audit_list_http.go	new	e07163243d8fe2205197a4196de5912a91b56217	-
services/platform/apiserver/audit_list_repository.go	new	63d99957c39781f514bcc1793c1af839f03e1ea8	-
services/platform/apiserver/callback_provider.go	unchanged	aff600af4a4dcc744216c36e98a9dc1842c877d9	aff600af4a4dcc744216c36e98a9dc1842c877d9
services/platform/apiserver/composition.go	modified	258419aabb3589adeeb93691540e3869c69f5e76	dcf3ec1a073bf4532a7e61468191f76db7752ab9
services/platform/apiserver/connector_handler.go	unchanged	9adb0fecb59707286c450aefc2283840bee515f8	9adb0fecb59707286c450aefc2283840bee515f8
services/platform/apiserver/connector_reconciler.go	unchanged	aecc52c9ea32ad2290f8eb272748b577bcca99db	aecc52c9ea32ad2290f8eb272748b577bcca99db
services/platform/apiserver/connector_registry.go	unchanged	390c06e1e0e1b44fe9c07824ac078a55f4a5c8c9	390c06e1e0e1b44fe9c07824ac078a55f4a5c8c9
services/platform/apiserver/connector_repository.go	unchanged	9c70ba5797492c9f1394628f6f736293f3fc5c67	9c70ba5797492c9f1394628f6f736293f3fc5c67
services/platform/apiserver/discovery_execution_repository.go	unchanged	4852799dbe5c724c563fdcf95d74cf938fb0a0f2	4852799dbe5c724c563fdcf95d74cf938fb0a0f2
services/platform/apiserver/discovery_public_handler.go	unchanged	922fcc5e7b749b3d9c06404f144a8e5035d88e2e	922fcc5e7b749b3d9c06404f144a8e5035d88e2e
services/platform/apiserver/discovery_public_repository.go	unchanged	116c664cfef330b3a778e3056f1bf6828dd3fbf2	116c664cfef330b3a778e3056f1bf6828dd3fbf2
services/platform/apiserver/discovery_repository.go	modified	373f862e709873b38ed651b6caaf5f0c68c1e86b	ab842d5198435b4ffa36d4c12b3525772974e3eb
services/platform/apiserver/discovery_surface.go	unchanged	0a480089204579938d3518eb4e8a144663e70efa	0a480089204579938d3518eb4e8a144663e70efa
services/platform/apiserver/finding_ticket_service.go	unchanged	de3a2e618dbb894779b4be50dcbbcbe2561a0aad	de3a2e618dbb894779b4be50dcbbcbe2561a0aad
services/platform/apiserver/finding_ticket_webhook.go	unchanged	e2a896277678827af8b9d365ad511c87135ef2af	e2a896277678827af8b9d365ad511c87135ef2af
services/platform/apiserver/identity_administration_handler.go	unchanged	63071d2edf1891b2924b783b2c60c740be890784	63071d2edf1891b2924b783b2c60c740be890784
services/platform/apiserver/identity_administration_repository.go	unchanged	c84c234846bfc1613e954b9b5be48deadf8c5ef2	c84c234846bfc1613e954b9b5be48deadf8c5ef2
services/platform/apiserver/integration_webhook.go	unchanged	fb4449056f9ee796e77023b32c012e0a2973f713	fb4449056f9ee796e77023b32c012e0a2973f713
services/platform/apiserver/inventory_handler.go	unchanged	4f335f39af86a1dab14ac91ef34f4ad55004dac8	4f335f39af86a1dab14ac91ef34f4ad55004dac8
services/platform/apiserver/inventory_repository.go	unchanged	2598c52780f09c12810f3e9a64387c4e440d8e87	2598c52780f09c12810f3e9a64387c4e440d8e87
services/platform/apiserver/middleware.go	unchanged	90cf4f408c109e8c6e17169afb70f68464d2b9f1	90cf4f408c109e8c6e17169afb70f68464d2b9f1
services/platform/apiserver/oauth_secret_store.go	unchanged	a0486c61a963a104c390a51e80961e094aae48e1	a0486c61a963a104c390a51e80961e094aae48e1
services/platform/apiserver/policy_decision_repository.go	unchanged	7e098a530d39aad2f253b74d83fee37b5923f0ba	7e098a530d39aad2f253b74d83fee37b5923f0ba
services/platform/apiserver/policy_deployment_repository.go	unchanged	334a209a3e6200e07e1121be01f6dddff793ea99	334a209a3e6200e07e1121be01f6dddff793ea99
services/platform/apiserver/policy_public_handler.go	unchanged	e40e0ae9ff3804fd16210655515abdd067728be9	e40e0ae9ff3804fd16210655515abdd067728be9
services/platform/apiserver/policy_surface.go	unchanged	d73adf14f9afe398f7e8db1a8ecc0381cb2ca9c6	d73adf14f9afe398f7e8db1a8ecc0381cb2ca9c6
services/platform/apiserver/postgres_database.go	modified	1f904be9b6a6bee886a6f878925382b735587ebc	f816aa47e8ce9fe917c1a0e117c85515492d966d
services/platform/apiserver/production.go	modified	9fa271109c967989b4414a94aabb55df54ee7353	06e0ae31bd73531f38099ae2d098aa7dc618cdac
services/platform/apiserver/reconciliation_maintenance.go	unchanged	a2c19f290ac3f1d147a15c5107ea16fc793fe5d6	a2c19f290ac3f1d147a15c5107ea16fc793fe5d6
services/platform/apiserver/recovery_handler.go	unchanged	bd68487443ce1774586b2b6ba152e5905cf20d67	bd68487443ce1774586b2b6ba152e5905cf20d67
services/platform/apiserver/recovery_repository.go	unchanged	302b42583f480abf2d435e6f59f1ed962cefb72d	302b42583f480abf2d435e6f59f1ed962cefb72d
services/platform/apiserver/recovery_surface.go	unchanged	49d22477662023c1da0298f142d6fca20bf79a0c	49d22477662023c1da0298f142d6fca20bf79a0c
services/platform/apiserver/red_team_execution_repository.go	modified	00113aa8c9377a6d14937fe7693fd1510ad3ad7f	566b26ddbc57f3133c321f4342dfce7a0a03de52
services/platform/apiserver/red_team_handler.go	unchanged	4a59b4e7ed14eadfb30edd6bed4650b5fa403c63	4a59b4e7ed14eadfb30edd6bed4650b5fa403c63
services/platform/apiserver/red_team_linked_repository.go	new	ca35bca6603d2c21472fea43543493884a20a62d	-
services/platform/apiserver/red_team_repository.go	modified	29a3295f1947d0a64dbc222a99a3fe96b025735b	1fa3d0b72e9eee13d175a68ab2a2eda895ebee7e
services/platform/apiserver/reference_authorization_handler.go	unchanged	04292eca4fb7f6ebfabebff9af67329b7361ba03	04292eca4fb7f6ebfabebff9af67329b7361ba03
services/platform/apiserver/reference_authorization_repository.go	unchanged	2709898211b1017b08d007e93b03746f25e567ed	2709898211b1017b08d007e93b03746f25e567ed
services/platform/apiserver/reference_connector_registry.go	unchanged	f42bdf6f3c8199e6d82f6537c80a70b4d1b672d9	f42bdf6f3c8199e6d82f6537c80a70b4d1b672d9
services/platform/apiserver/repository.go	modified	d33249e264a6181e9c8a61e241d7d5028ece3d32	7722cc713545f3df6ee2722c4056c4d9266bb8db
services/platform/apiserver/risk_handler.go	unchanged	7bb31040b795a28334f54f93c802a485ccc2a4a8	7bb31040b795a28334f54f93c802a485ccc2a4a8
services/platform/apiserver/risk_repository.go	unchanged	efd7d4dc68728fb63c5b05d610ed1fb3f759901c	efd7d4dc68728fb63c5b05d610ed1fb3f759901c
services/platform/apiserver/router.go	unchanged	22d0aee39515c2158fc0bb99b1d022d6eeed54f9	22d0aee39515c2158fc0bb99b1d022d6eeed54f9
services/platform/apiserver/runtime_outbox_repository.go	unchanged	f78f5202a2bc6044a74ab68b97f216a0fa720286	f78f5202a2bc6044a74ab68b97f216a0fa720286
services/platform/apiserver/runtime_session_repository.go	unchanged	05321f05d7178763cda1d46cbc1f893e81276c14	05321f05d7178763cda1d46cbc1f893e81276c14
services/platform/apiserver/runtime_session_search_repository.go	unchanged	413fdc7440b8a197845fa4ce72262d31c408f181	413fdc7440b8a197845fa4ce72262d31c408f181
services/platform/apiserver/security_agent_action_details.go	new	79ac16e60b718a053827885c6f60650309c7fee4	-
services/platform/apiserver/security_agent_action_projection.go	new	35e1694bc0b26697c1c82486390ffb8a760fb3b9	-
services/platform/apiserver/security_agent_action_repository.go	modified	b34e717be045f8aa3a390b9aef239642fd6764bb	f6dd1492e42c7ff3fbdace07f752a1e77d590299
services/platform/apiserver/security_agent_action_validation.go	new	a1c3c4fe993e0309032ea89f148eb0bf0438e913	-
services/platform/apiserver/security_agent_activity_cursor.go	new	1bc934b7e1dba91ab5ea633c9e2ecaab81cf85c2	-
services/platform/apiserver/security_agent_activity_http.go	new	77861cc495d92cdee0e0b5d8e9f9a2f76a039bbf	-
services/platform/apiserver/security_agent_activity_repository.go	new	2a62877d49c29574d778996f09df3575c3fdb468	-
services/platform/apiserver/security_agent_activity_targets.go	new	93d9015e40f6be9642373def14f26c521ba2a1c9	-
services/platform/apiserver/security_agent_activity_targets_http.go	new	8a946ef7748e03443a1e2e4a9a3a5408a587f074	-
services/platform/apiserver/security_agent_activity_targets_repository.go	new	7f7c6738b9123d938fc9b130941f2da74a467564	-
services/platform/apiserver/security_agent_approval_context.go	new	637b369757b35df632bcb0a7e217e5d6714c6605	-
services/platform/apiserver/security_agent_approval_context_repository.go	new	65d90123c8273fa79dd252df874a184d0789cfa8	-
services/platform/apiserver/security_agent_approval_page_validation.go	new	f293aaa8667436f6386aeac0bbd3e4d4b59e90d2	-
services/platform/apiserver/security_agent_audit_http.go	new	e52e613f814bba86d74445000d118b7921ba492a	-
services/platform/apiserver/security_agent_audit_repository.go	new	63a0688dba160a8f658b381dce645b64d9c0b7a6	-
services/platform/apiserver/security_agent_budget_release_database.go	new	a724c4f1419735b21d8e4a511b6adc151f4586c2	-
services/platform/apiserver/security_agent_budget_repository.go	new	61c5522b679672b9a4303fd7ce3e34f21875017e	-
services/platform/apiserver/security_agent_existing_test_public_projection.go	new	dbf292f1ecfffbedf84ede8f91b284dc6a6d230e	-
services/platform/apiserver/security_agent_existing_test_read_repository.go	new	c89686846f9a13ee058b81f4b550033deae43a9c	-
services/platform/apiserver/security_agent_existing_test_reference.go	new	14ddfbf6bac1fb7b4e1fdc9d47ea4f2864b7db52	-
services/platform/apiserver/security_agent_existing_test_worker_repository.go	new	dec858bc5f6346686f80bb0e02c86509d52051c3	-
services/platform/apiserver/security_agent_handler.go	modified	5cff78ac68b2ec143e2457fb0bd8265031cf0c24	85d088355b3224fc8c0962182629eb6b245b1fd3
services/platform/apiserver/security_agent_rationale.go	new	929851da6dc0a8ffc2a6f7812bf2dae7d359fd91	-
services/platform/apiserver/security_agent_repository.go	modified	3ee4be7a9f8feb91723bd010a528e363ab4a0da2	052db5d60bd58eb62f023feff8be2e68628e015d
services/platform/apiserver/security_agent_run_context.go	new	57bd51c3e4784ff11c13c7395e74d581ca5a13f8	-
services/platform/apiserver/security_agent_run_context_envelope.go	new	d48bfc69997da0ac3ef6a77cf1258792395dedd9	-
services/platform/apiserver/security_agent_surface.go	modified	9831c3cb7afc0a327f7327e2f5435ff058cb10ef	37e31636ce6e28e187a2b4acd34bcab647fbf747
services/platform/apiserver/security_agent_worker_repository.go	modified	12e117c1f064360fc852004ae5eb84f0aa096b22	73901b7ce2bc92050400d9c362b6394538f03adf
services/platform/apiserver/sensor_pairing_contracts.go	unchanged	acbf16beba6e42884a114da85dd185d077b05644	acbf16beba6e42884a114da85dd185d077b05644
services/platform/apiserver/sensor_public_handler.go	unchanged	2da03a3da24b6a52d6324b7ff9b5630651e3d86d	2da03a3da24b6a52d6324b7ff9b5630651e3d86d
services/platform/apiserver/sensor_public_repository.go	unchanged	7cda405d9bdd6cb344301d9aac9c1e9407687468	7cda405d9bdd6cb344301d9aac9c1e9407687468
services/platform/apiserver/sensor_surface.go	unchanged	c0c1e29bfb133dd044e9d5f6c8faa36fe4aff8e9	c0c1e29bfb133dd044e9d5f6c8faa36fe4aff8e9
services/platform/apiserver/stytch_authenticator.go	unchanged	8e8b6cf447ca389b9986e1e6d5255771578f2c9b	8e8b6cf447ca389b9986e1e6d5255771578f2c9b
services/platform/apiserver/stytch_webhook.go	unchanged	acff15a1cf01e3198eae52cf75938bc70341f55b	acff15a1cf01e3198eae52cf75938bc70341f55b
services/platform/apiserver/workflow_handler.go	modified	e7fa39c8932df797845cad4a1366bf6e499ee95c	0b46a6a262bf739e5a93331acc1b49a0f90e6fe1
services/platform/apiserver/workflow_repository.go	modified	e6e3906dab1e08feb32f45951c8362b33691da72	782733d65631c61e7b776e88e5e27fad285e727f
services/platform/artifactstore/s3driver/driver.go	modified	8ddd1f7f4441f649cef3327637ac1857164a2ffe	55ba3cac32ed770b67933bc345a85c543ab67a03
services/platform/artifactstore/store.go	modified	e3a80858a0c3f58a79ba7e7cbf83a5a717c0503f	6bc8fc2141820111413ddf2769ae9dd096401ba1
services/platform/attacklab/egress.go	unchanged	45647219554462eb4402d3977c2620e262585738	45647219554462eb4402d3977c2620e262585738
services/platform/audit/emitter.go	unchanged	acc1aec2b2a479b218c5190298cae694c48b1f5a	acc1aec2b2a479b218c5190298cae694c48b1f5a
services/platform/audit/export.go	new	27151be9cc600175cd87990e9d1ce2d640976c76	-
services/platform/audit/export_descriptor.go	new	54258c321e8ef7aa43e2353d67ba961cff602c86	-
services/platform/audit/store.go	unchanged	1bbd4850bd5b631c1ac523833dcff1741bca05c2	1bbd4850bd5b631c1ac523833dcff1741bca05c2
services/platform/auditexportconfig/policies.go	new	52b8f6a4d155eeafba7eb4c4eeef0f3c7453d101	-
services/platform/awsclient/factory.go	unchanged	59438017192e93224b155640fabaf7a7c985801f	59438017192e93224b155640fabaf7a7c985801f
services/platform/bucketlayout/layout.go	modified	9591f25223fcf6e017de29d64f6586ba981c8be1	e5260495cc6b4ce3a11773e15736a0abda3181ae
services/platform/config/config.go	unchanged	2676569d95b5cc0c87e26a296784d2b4e0454bfb	2676569d95b5cc0c87e26a296784d2b4e0454bfb
services/platform/connectors/awsdiscovery/adapter.go	unchanged	a3942e82aac6a30226d502a6f661dd37a212da71	a3942e82aac6a30226d502a6f661dd37a212da71
services/platform/connectors/awsdiscovery/collection.go	unchanged	7a45dc848d882779373571eea82c0a831c453114	7a45dc848d882779373571eea82c0a831c453114
services/platform/connectors/awsdiscovery/collection_api.go	unchanged	52ef28bd812a9fc489ab71bb018702b6f2fe9a5c	52ef28bd812a9fc489ab71bb018702b6f2fe9a5c
services/platform/connectors/awsdiscovery/inventory_collection_api.go	unchanged	4af24637cc9f93107a7c1f0a202a8af8b3dfa24b	4af24637cc9f93107a7c1f0a202a8af8b3dfa24b
services/platform/connectors/awsdiscovery/security_runner.go	unchanged	5579aa22769d0059020575556463c30966a040b5	5579aa22769d0059020575556463c30966a040b5
services/platform/connectors/collection/contract.go	unchanged	f4a7104b8bef91f8f87cc50a86ac3807f7bff77b	f4a7104b8bef91f8f87cc50a86ac3807f7bff77b
services/platform/connectors/githubdiscovery/collection.go	unchanged	a5908291fc5dce7a671731b1de7df6ed5a611d33	a5908291fc5dce7a671731b1de7df6ed5a611d33
services/platform/connectors/githubdiscovery/collection_api.go	unchanged	95c78e3ae8c24e940dd62fd3cff23d7bf1a5ac91	95c78e3ae8c24e940dd62fd3cff23d7bf1a5ac91
services/platform/connectors/githubdiscovery/oauth.go	unchanged	7c55c3de3a7d290035ec581bc30823c7eb681da1	7c55c3de3a7d290035ec581bc30823c7eb681da1
services/platform/connectors/idpdiscovery/collection.go	unchanged	5f61a156b30c3cdee48fdf07dca827e1693e2b22	5f61a156b30c3cdee48fdf07dca827e1693e2b22
services/platform/connectors/idpdiscovery/collection_api.go	unchanged	8ef25bdaf355b61900156ef1fefe8195768d67fe	8ef25bdaf355b61900156ef1fefe8195768d67fe
services/platform/connectors/idpdiscovery/okta.go	unchanged	375470ae46a5d944ca9bdecb08b455e603af935e	375470ae46a5d944ca9bdecb08b455e603af935e
services/platform/connectors/internal/providercollection/client.go	unchanged	cc802e6ed1bd99d43f08a5c01c0f3518b0661e2f	cc802e6ed1bd99d43f08a5c01c0f3518b0661e2f
services/platform/connectors/internal/providercollection/cursor.go	unchanged	b6b9009607b4176a4f7544af02a28845a45a4f3c	b6b9009607b4176a4f7544af02a28845a45a4f3c
services/platform/connectors/internal/providercollection/failure.go	unchanged	2a4b1c963d8d7bd2411cd6082c3bb5dc6d70c864	2a4b1c963d8d7bd2411cd6082c3bb5dc6d70c864
services/platform/connectors/internal/providercollection/resume.go	unchanged	ffed64d74a3f5484acab3a398634439dc525eee9	ffed64d74a3f5484acab3a398634439dc525eee9
services/platform/connectors/kubernetesdiscovery/adapter.go	unchanged	c406a80d8e5ea115983b88d2c18e50afa61fdf6c	c406a80d8e5ea115983b88d2c18e50afa61fdf6c
services/platform/connectors/kubernetesdiscovery/collection.go	unchanged	44150ec51347d66767b7dce0fb8b34cfdabc648e	44150ec51347d66767b7dce0fb8b34cfdabc648e
services/platform/connectors/kubernetesdiscovery/collection_api.go	unchanged	e45eb3fb2cfd4d2988a0359a3e913f696c4ff0a5	e45eb3fb2cfd4d2988a0359a3e913f696c4ff0a5
services/platform/connectors/kubernetesdiscovery/pinned_collection_api.go	unchanged	05018b44021400560ab8c052d5868bc610416743	05018b44021400560ab8c052d5868bc610416743
services/platform/connectors/launch/registry.go	unchanged	37a9c101392d49232ea7236075b5b32b930b407c	37a9c101392d49232ea7236075b5b32b930b407c
services/platform/connectors/nango/adapter.go	unchanged	1e2644add6d9b0ada012719831fd1fe87888f5da	1e2644add6d9b0ada012719831fd1fe87888f5da
services/platform/connectors/nango/client.go	unchanged	cb362387b2030865f1564f4273c34ca08a8234a4	cb362387b2030865f1564f4273c34ca08a8234a4
services/platform/connectors/nango/connection_client.go	unchanged	27b51cb9ffa11fec4ae0c8b34c22b578085dbbff	27b51cb9ffa11fec4ae0c8b34c22b578085dbbff
services/platform/domain/evidence.go	unchanged	86870011e1969d0c15048e4518dcfa66935a3426	86870011e1969d0c15048e4518dcfa66935a3426
services/platform/domain/ids.go	unchanged	166cb892d4d743bbde51b22b2bb205fb496ffbe7	166cb892d4d743bbde51b22b2bb205fb496ffbe7
services/platform/domain/product_error.go	unchanged	226eafda3019653e8fbeee2c731e61192b71cbd9	226eafda3019653e8fbeee2c731e61192b71cbd9
services/platform/domain/scope.go	unchanged	7862a7cb8dab0f222b4770d7a9c9569abe905db3	7862a7cb8dab0f222b4770d7a9c9569abe905db3
services/platform/go.mod	unchanged	2740964d711e09ab6027e0100b7a91627f828505	2740964d711e09ab6027e0100b7a91627f828505
services/platform/go.sum	unchanged	23f5a15c4678617b82fc00b504d843d7bb9b7a74	23f5a15c4678617b82fc00b504d843d7bb9b7a74
services/platform/graphstore/neo4jstore/adapter.go	unchanged	4b21995323de5d5d63ccea529ab50b34537daf34	4b21995323de5d5d63ccea529ab50b34537daf34
services/platform/graphstore/neo4jstore/read.go	unchanged	3405cd17510b2f56cc37f3515e15bcd76b3e50b6	3405cd17510b2f56cc37f3515e15bcd76b3e50b6
services/platform/graphstore/neo4jstore/snapshot.go	unchanged	855539769baed37181de4aeb7a7e989d1309d07b	855539769baed37181de4aeb7a7e989d1309d07b
services/platform/graphstore/neo4jstore/upsert.go	unchanged	29167abb2ba173ac35dca295854c7fdce286e0ff	29167abb2ba173ac35dca295854c7fdce286e0ff
services/platform/graphstore/snapshot.go	unchanged	5e4712ed54505fcb7ce2d04b6b71edb938063f5b	5e4712ed54505fcb7ce2d04b6b71edb938063f5b
services/platform/graphstore/store.go	unchanged	46ba5ee393fe613df859f856a1ddb1c0cf0f57cf	46ba5ee393fe613df859f856a1ddb1c0cf0f57cf
services/platform/healthserver/server.go	unchanged	f98daf23a3a45776486ed1079502caf088a93318	f98daf23a3a45776486ed1079502caf088a93318
services/platform/identity/adapter.go	unchanged	55f6035607a63eca784886300ba946ea0c12d30d	55f6035607a63eca784886300ba946ea0c12d30d
services/platform/identity/api_token.go	unchanged	05b2f007e47c9c12d7cdcf1c997cddd04973aa29	05b2f007e47c9c12d7cdcf1c997cddd04973aa29
services/platform/identity/authorization.go	unchanged	93cb56ad6ecb5117e2fb8610db34e975d28c15e0	93cb56ad6ecb5117e2fb8610db34e975d28c15e0
services/platform/identity/bootstrap.go	unchanged	d46c181d52717ef175bcc95e5974e94109bde649	d46c181d52717ef175bcc95e5974e94109bde649
services/platform/identity/connections.go	unchanged	e79a21a695be7ea4eca347735f097c979ab16004	e79a21a695be7ea4eca347735f097c979ab16004
services/platform/identity/group_mapping.go	unchanged	4ad47afa00d005c60cd2315cc051ea192bf36fcd	4ad47afa00d005c60cd2315cc051ea192bf36fcd
services/platform/identity/http.go	unchanged	c3e610ff3bc6271438108b998a0e23f0d43d3d48	c3e610ff3bc6271438108b998a0e23f0d43d3d48
services/platform/identity/roles.go	unchanged	f900b100226d7281bb0075236483bdc757a749e4	f900b100226d7281bb0075236483bdc757a749e4
services/platform/identity/session.go	unchanged	8b4fb4c23277593f9ea8f3a4e82bb12c8fa374f6	8b4fb4c23277593f9ea8f3a4e82bb12c8fa374f6
services/platform/identity/store.go	unchanged	2295d3e5d7a7688f474ea1bbe282c10f7015fb78	2295d3e5d7a7688f474ea1bbe282c10f7015fb78
services/platform/identity/types.go	unchanged	060d6aee1d528131626e5e186ac91f005a31eb2c	060d6aee1d528131626e5e186ac91f005a31eb2c
services/platform/identity/webhook.go	unchanged	4299c6eff3b47fa91cc76131de00a0243fb2cb47	4299c6eff3b47fa91cc76131de00a0243fb2cb47
services/platform/integration/http.go	unchanged	9c0f58e7cdf6b82f8e3a333b4ff89ac010dfd989	9c0f58e7cdf6b82f8e3a333b4ff89ac010dfd989
services/platform/integration/manifest.go	unchanged	e8afc1dda882f1df28be9d19aa9b5472505b32b1	e8afc1dda882f1df28be9d19aa9b5472505b32b1
services/platform/integration/service.go	unchanged	410178bf2a73443109e722bd1bf5934142188b49	410178bf2a73443109e722bd1bf5934142188b49
services/platform/integration/store.go	unchanged	802a50fc0f0b9160d0b3e956b4b08c2a394af633	802a50fc0f0b9160d0b3e956b4b08c2a394af633
services/platform/inventoryprojection/projector.go	unchanged	7c4513a8fe587e3be2f7803fcb36e7dc4e6f6150	7c4513a8fe587e3be2f7803fcb36e7dc4e6f6150
services/platform/inventoryprojection/rules.go	unchanged	12a4b131c2bf6949af9b096d641207de611afcc3	12a4b131c2bf6949af9b096d641207de611afcc3
services/platform/inventorysearch/opensearchdriver/activation.go	unchanged	ced22f419d8bed8ecd45d647b7a6081381f2117e	ced22f419d8bed8ecd45d647b7a6081381f2117e
services/platform/inventorysearch/opensearchdriver/driver.go	unchanged	93e1f62aab47d3a4935c817b6a9f371616142400	93e1f62aab47d3a4935c817b6a9f371616142400
services/platform/inventorysearch/opensearchdriver/schema.go	unchanged	4218d246f36df73138be621d81438e9e0a5c55a7	4218d246f36df73138be621d81438e9e0a5c55a7
services/platform/inventorysearch/opensearchdriver/search.go	unchanged	383cde65be72ff119ee777bc0cd05b433707f3a7	383cde65be72ff119ee777bc0cd05b433707f3a7
services/platform/inventorysearch/opensearchdriver/stage.go	unchanged	e36fad60e9de271901ed11a332654b8c29463b23	e36fad60e9de271901ed11a332654b8c29463b23
services/platform/inventorysearch/store.go	unchanged	31a311c11f78cedec9b7d49244bb5e2235d26c46	31a311c11f78cedec9b7d49244bb5e2235d26c46
services/platform/jobqueue/consumer.go	unchanged	29e3f630599ded981318e01a6e4c88c8c390a1f4	29e3f630599ded981318e01a6e4c88c8c390a1f4
services/platform/jobqueue/queue.go	unchanged	7b584da7bbd30adbc8cb1a4f8ca0f5d83cec7a39	7b584da7bbd30adbc8cb1a4f8ca0f5d83cec7a39
services/platform/jobqueue/sqsdriver/acknowledge.go	unchanged	4470623aec9d32080d5b8974c040910a2163511e	4470623aec9d32080d5b8974c040910a2163511e
services/platform/jobqueue/sqsdriver/consume.go	unchanged	a341508903beac086be1e74cd86dc34076140e4d	a341508903beac086be1e74cd86dc34076140e4d
services/platform/jobqueue/sqsdriver/driver.go	unchanged	edf064e83dd5f1df3e0f93f523d5e791160adc2d	edf064e83dd5f1df3e0f93f523d5e791160adc2d
services/platform/jobqueue/sqsdriver/errors.go	unchanged	0758cea788dfe602aa5a66885040ebdf29371ba9	0758cea788dfe602aa5a66885040ebdf29371ba9
services/platform/jobqueue/sqsdriver/lifecycle.go	unchanged	0fd8c89bb37b8f1c39a914d1b07b4e4b9b84fef2	0fd8c89bb37b8f1c39a914d1b07b4e4b9b84fef2
services/platform/jobqueue/sqsdriver/publish.go	unchanged	9833cab46e34d10e44d81bf8fa78ec2aaf5653b1	9833cab46e34d10e44d81bf8fa78ec2aaf5653b1
services/platform/migrations/migrations.go	modified	70fd86362ab2b451f010b8c1f8e5909205b1211d	6eb02e95d96cdf8bc313c7ff3ed9a6d2fd1efefa
services/platform/migrations/production_audit_exports.go	new	21686d5ec2018cd5fd69b2914d8dbc2b69232dce	-
services/platform/migrations/production_integration_webhook.go	unchanged	34d7031835c601a61b3b186d4bc663b71a2a01f6	34d7031835c601a61b3b186d4bc663b71a2a01f6
services/platform/migrations/production_reconciliation_lane_plan.go	unchanged	d836c704eb3822bff4a5607356e6edb6f6cbd8ca	d836c704eb3822bff4a5607356e6edb6f6cbd8ca
services/platform/migrations/production_red_team_artifacts.go	unchanged	6b34097e3ea4a49a97b3e1f1ddbd3ef4f6c5e98b	6b34097e3ea4a49a97b3e1f1ddbd3ef4f6c5e98b
services/platform/migrations/production_red_team_invocation.go	unchanged	d85e49d705eebdd2b04363c4fc0b82ededd6b5c7	d85e49d705eebdd2b04363c4fc0b82ededd6b5c7
services/platform/migrations/production_red_team_safety.go	unchanged	aecbb69342fb28c2540f7b47257dd0848a4b40e6	aecbb69342fb28c2540f7b47257dd0848a4b40e6
services/platform/migrations/production_runtime_acceptance.go	unchanged	41f743d032b953393d925c334c632849491d763c	41f743d032b953393d925c334c632849491d763c
services/platform/migrations/production_runtime_candidate_authority.go	unchanged	1b36bb0b6f83973ed1ca566ef7ff40a6d988d3c3	1b36bb0b6f83973ed1ca566ef7ff40a6d988d3c3
services/platform/migrations/production_runtime_correlation_routing.go	unchanged	4f7267bac384df9fd445cdfc40d0cb4d3de3387b	4f7267bac384df9fd445cdfc40d0cb4d3de3387b
services/platform/migrations/production_runtime_enrollment_pairing.go	unchanged	8f7bb11262565e1e9c9dcf53c50405936c6a0563	8f7bb11262565e1e9c9dcf53c50405936c6a0563
services/platform/migrations/production_runtime_precision.go	unchanged	aaf0cf1e48796f9a4fe699b64c8d7e48a170d717	aaf0cf1e48796f9a4fe699b64c8d7e48a170d717
services/platform/migrations/production_runtime_queue_replay.go	unchanged	c93d3a2e473fdf9bd07a91980190f069579db2fb	c93d3a2e473fdf9bd07a91980190f069579db2fb
services/platform/migrations/production_runtime_sandbox_binding.go	unchanged	975e0fbb13882efa494f538d989e930ab9b1ee4e	975e0fbb13882efa494f538d989e930ab9b1ee4e
services/platform/migrations/production_runtime_session_evidence.go	unchanged	09c8e8bf2205a730943fb243672bf9cc522bedf0	09c8e8bf2205a730943fb243672bf9cc522bedf0
services/platform/migrations/production_runtime_session_query.go	unchanged	082c0d0f18a1830c6f036df0370611329955f160	082c0d0f18a1830c6f036df0370611329955f160
services/platform/migrations/production_runtime_session_reads.go	unchanged	4055b8e09dd565eba8130ef86827c4831854988f	4055b8e09dd565eba8130ef86827c4831854988f
services/platform/migrations/production_runtime_session_search.go	unchanged	a1f6e2bcdbcc51861d665910d04113a4376d316c	a1f6e2bcdbcc51861d665910d04113a4376d316c
services/platform/migrations/production_runtime_sessions.go	unchanged	cfaf95c4097fb95c00ca795ee6101dfad5bdce36	cfaf95c4097fb95c00ca795ee6101dfad5bdce36
services/platform/migrations/production_security_agent_budgets.go	new	0af9622a52c07aaf63030c12beebee6004c76842	-
services/platform/migrations/production_security_agent_existing_tests.go	new	96b76ff20f23a7a3611d11b84f919936ac8bddab	-
services/platform/migrations/production_security_agent_run_context.go	new	4a25fd1744d8afd42b7d7ec5edfc089e2deece1b	-
services/platform/migrations/security_agent_budget_candidate.go	new	f267f3d1a42f6a19bab1b8e50217c60cffd0e408	-
services/platform/migrations/security_agent_existing_tests.go	new	59806003c34144f5d68e93eeccc0c4e273d90147	-
services/platform/migrations/security_agent_existing_tests_release.go	new	82697a9e0e3c10ffd101e352f73abd3f9a65b070	-
services/platform/migrations/security_agent_global_control.go	new	1360fa984783795a0d0cc18a957d4b8cbe4b4e4b	-
services/platform/migrations/security_agent_run_context_candidate.go	new	cf37dd79b2dc2a5688d900740b59b28e6f4e612a	-
services/platform/migrations/sql/0001_schema_versions.down.sql	unchanged	45d636ac0048cdb0c0ceecc75265a4959c000f1c	45d636ac0048cdb0c0ceecc75265a4959c000f1c
services/platform/migrations/sql/0001_schema_versions.up.sql	unchanged	76396de245ea5abf4971f0542ab84978b4d76555	76396de245ea5abf4971f0542ab84978b4d76555
services/platform/migrations/sql/0002_production_core.down.sql	unchanged	ce784339b50a1b004f67d7d753ad0180e1257140	ce784339b50a1b004f67d7d753ad0180e1257140
services/platform/migrations/sql/0002_production_core.up.sql	unchanged	4466d6838a41051ab2787deed88d19d649ad3c69	4466d6838a41051ab2787deed88d19d649ad3c69
services/platform/migrations/sql/0003_production_workflows.down.sql	unchanged	dbf0e8a081d30a6c4ff708ec8f164d0f5f10f239	dbf0e8a081d30a6c4ff708ec8f164d0f5f10f239
services/platform/migrations/sql/0003_production_workflows.up.sql	unchanged	5d49674b36499ad15ab9473434f9597478881c2b	5d49674b36499ad15ab9473434f9597478881c2b
services/platform/migrations/sql/0004_workflow_receipts.down.sql	unchanged	98ad63ffd7920ca16464b409de17dc52c5ebe19d	98ad63ffd7920ca16464b409de17dc52c5ebe19d
services/platform/migrations/sql/0004_workflow_receipts.up.sql	unchanged	c4b4250e9995d2eb7400fdee4011280657198293	c4b4250e9995d2eb7400fdee4011280657198293
services/platform/migrations/sql/0005_workflow_receipt_safety.down.sql	unchanged	4530c37a03bdc4ccc83e2f77d36533526698c470	4530c37a03bdc4ccc83e2f77d36533526698c470
services/platform/migrations/sql/0005_workflow_receipt_safety.up.sql	unchanged	a89503574f9bdf3659679e4bd2eb0282cf21d7a0	a89503574f9bdf3659679e4bd2eb0282cf21d7a0
services/platform/migrations/sql/0006_workflow_receipt_provenance.down.sql	unchanged	5a4701445d217bcec8b2a8a7d133d29847779545	5a4701445d217bcec8b2a8a7d133d29847779545
services/platform/migrations/sql/0006_workflow_receipt_provenance.up.sql	unchanged	a600998002a025a9f6992cc33039c556da1f4e8b	a600998002a025a9f6992cc33039c556da1f4e8b
services/platform/migrations/sql/0007_production_administration.down.sql	unchanged	dbadfc5bf7420aa94b2516971fa90226cdd900d0	dbadfc5bf7420aa94b2516971fa90226cdd900d0
services/platform/migrations/sql/0007_production_administration.up.sql	unchanged	348f5f9d3fc2c4dcd2d9ab815633b689bd8ce903	348f5f9d3fc2c4dcd2d9ab815633b689bd8ce903
services/platform/migrations/sql/0008_api_token_reveal_grants.down.sql	unchanged	0830f708b080c498c931cba5d6b43543b9b1c7c6	0830f708b080c498c931cba5d6b43543b9b1c7c6
services/platform/migrations/sql/0008_api_token_reveal_grants.up.sql	unchanged	f52ed9ef3274aa17a1a464ff828f87e1f92ba25b	f52ed9ef3274aa17a1a464ff828f87e1f92ba25b
services/platform/migrations/sql/0009_production_risk_projection.down.sql	unchanged	cc48fc5fe5e82b71f6cdf45a68b843db7af8425b	cc48fc5fe5e82b71f6cdf45a68b843db7af8425b
services/platform/migrations/sql/0009_production_risk_projection.up.sql	unchanged	cdfcd5583798a65c465226dd9afb71d9f82016fc	cdfcd5583798a65c465226dd9afb71d9f82016fc
services/platform/migrations/sql/0010_production_discovery.down.sql	unchanged	297a6e538b43e3f78cd72fe1b2cb0acde5ad993e	297a6e538b43e3f78cd72fe1b2cb0acde5ad993e
services/platform/migrations/sql/0010_production_discovery.up.sql	unchanged	61c3df804c5af80234b0f92e6fd96a916f04417a	61c3df804c5af80234b0f92e6fd96a916f04417a
services/platform/migrations/sql/0011_connector_authorization.down.sql	unchanged	98dbddf22a719cfd428f49ec0c621d9192a04ed6	98dbddf22a719cfd428f49ec0c621d9192a04ed6
services/platform/migrations/sql/0011_connector_authorization.up.sql	unchanged	b5a615f2014bcdcb38ce133ec2d24bcdc7eeb4c7	b5a615f2014bcdcb38ce133ec2d24bcdc7eeb4c7
services/platform/migrations/sql/0011_v10_rollback_normalization.sql	unchanged	f94d7cde65103b5cd35bae84fbf22ff464797649	f94d7cde65103b5cd35bae84fbf22ff464797649
services/platform/migrations/sql/0012_reference_authorization.down.sql	unchanged	79de4066f5ecac945967c14ca0c6f79e6be8b428	79de4066f5ecac945967c14ca0c6f79e6be8b428
services/platform/migrations/sql/0012_reference_authorization.up.sql	unchanged	6a009a16ae105d79671dde0307a36f72f85af97c	6a009a16ae105d79671dde0307a36f72f85af97c
services/platform/migrations/sql/0013_production_discovery_execution.down.sql	unchanged	d11502823135a7309ad3646b5f4b545998fadbf4	d11502823135a7309ad3646b5f4b545998fadbf4
services/platform/migrations/sql/0013_production_discovery_execution.up.sql	unchanged	2763caf3ede1d1464c2b5cba514073ca12806fe2	2763caf3ede1d1464c2b5cba514073ca12806fe2
services/platform/migrations/sql/0014_typed_inventory_cutover.down.sql	unchanged	eee8fd8ebaa6f3101dfdd659fdbb10346dbd5c65	eee8fd8ebaa6f3101dfdd659fdbb10346dbd5c65
services/platform/migrations/sql/0014_typed_inventory_cutover.up.sql	unchanged	31661f750b2db5089baf000c4b2d03bf4c9f0081	31661f750b2db5089baf000c4b2d03bf4c9f0081
services/platform/migrations/sql/0015_runtime_data_plane.down.sql	unchanged	55d694f01c08c6faab0d0b23c1098ccb62ddc1f3	55d694f01c08c6faab0d0b23c1098ccb62ddc1f3
services/platform/migrations/sql/0015_runtime_data_plane.up.sql	unchanged	ed5f326bdecb9bceb69b13b38f20c436cd19ef8f	ed5f326bdecb9bceb69b13b38f20c436cd19ef8f
services/platform/migrations/sql/0016_runtime_gateway_reconciliation.down.sql	unchanged	283c269b3f8f9d1e06ec59b3a7f313858152a185	283c269b3f8f9d1e06ec59b3a7f313858152a185
services/platform/migrations/sql/0016_runtime_gateway_reconciliation.up.sql	unchanged	ee666318a3451687860f098463c9e2e7468fc783	ee666318a3451687860f098463c9e2e7468fc783
services/platform/migrations/sql/0017_runtime_ingest_reconciliation.down.sql	unchanged	0d86bf85211f12c9fb887a3bfa2531169104eaf2	0d86bf85211f12c9fb887a3bfa2531169104eaf2
services/platform/migrations/sql/0017_runtime_ingest_reconciliation.up.sql	unchanged	75d75cb2554452e269e4d6fc11e3c4d0959b29f5	75d75cb2554452e269e4d6fc11e3c4d0959b29f5
services/platform/migrations/sql/0018_security_agent_execution.down.sql	unchanged	f90089c333182739474e76921dee58fd8c52f574	f90089c333182739474e76921dee58fd8c52f574
services/platform/migrations/sql/0018_security_agent_execution.up.sql	unchanged	4bedb433661a701e7832886322463ab232475fa6	4bedb433661a701e7832886322463ab232475fa6
services/platform/migrations/sql/0019_identity_administration.down.sql	unchanged	c70089ddabbeccce601691e9214b40004b81c832	c70089ddabbeccce601691e9214b40004b81c832
services/platform/migrations/sql/0019_identity_administration.up.sql	unchanged	d9c47e38551a7d6e8afdc1aef6e91698cf28746f	d9c47e38551a7d6e8afdc1aef6e91698cf28746f
services/platform/migrations/sql/0020_security_agent_controls.down.sql	unchanged	0c1ebb5b6cf24be75a24d68ca8b9f7d877a74f3e	0c1ebb5b6cf24be75a24d68ca8b9f7d877a74f3e
services/platform/migrations/sql/0020_security_agent_controls.up.sql	unchanged	c367e520099e18481efa5e8caa5f33b2d5ef7c72	c367e520099e18481efa5e8caa5f33b2d5ef7c72
services/platform/migrations/sql/0021_security_agent_autonomous_response.down.sql	unchanged	b67efa45fb2be7125abaaf55258522a2dffce0c5	b67efa45fb2be7125abaaf55258522a2dffce0c5
services/platform/migrations/sql/0021_security_agent_autonomous_response.up.sql	unchanged	b0918fdad7638d31decc91e5d3ce0eec774c527d	b0918fdad7638d31decc91e5d3ce0eec774c527d
services/platform/migrations/sql/0022_security_agent_temporary_policy.down.sql	unchanged	115fcab3fc3cf350499c8fc894ce93ffbf495a08	115fcab3fc3cf350499c8fc894ce93ffbf495a08
services/platform/migrations/sql/0022_security_agent_temporary_policy.up.sql	unchanged	43218763e469d4eda8c86aa13c63bbf319741fa6	43218763e469d4eda8c86aa13c63bbf319741fa6
services/platform/migrations/sql/0023_security_agent_connector_revocation.down.sql	unchanged	db1649d7df8640c7e43f4e37f4283d32b7513f1a	db1649d7df8640c7e43f4e37f4283d32b7513f1a
services/platform/migrations/sql/0023_security_agent_connector_revocation.up.sql	unchanged	5346f12ed485c33fcf457f68f7a146229659ea5c	5346f12ed485c33fcf457f68f7a146229659ea5c
services/platform/migrations/sql/0024_security_agent_session_isolation.down.sql	unchanged	5f5d19e343f4805b4afdcd143d1640db1847d662	5f5d19e343f4805b4afdcd143d1640db1847d662
services/platform/migrations/sql/0024_security_agent_session_isolation.up.sql	unchanged	fd67f5200b592c4180b332ad4f0656788bb3f45e	fd67f5200b592c4180b332ad4f0656788bb3f45e
services/platform/migrations/sql/0025_red_team_execution.down.sql	unchanged	93a9b459d35a6c4429b52f081bf69bc5b79b7597	93a9b459d35a6c4429b52f081bf69bc5b79b7597
services/platform/migrations/sql/0025_red_team_execution.up.sql	unchanged	02d9f1abe47c3b8fd15cf64c2bf18dd873a9edc8	02d9f1abe47c3b8fd15cf64c2bf18dd873a9edc8
services/platform/migrations/sql/0026_attack_lab_execution.down.sql	unchanged	7182f8850444d4eba35dbb9ade05653d8b2d41be	7182f8850444d4eba35dbb9ade05653d8b2d41be
services/platform/migrations/sql/0026_attack_lab_execution.up.sql	unchanged	aadd2c9aab8d4b11c6339d9392a60c0a16136bad	aadd2c9aab8d4b11c6339d9392a60c0a16136bad
services/platform/migrations/sql/0027_production_recovery.down.sql	unchanged	789e1f0ef02c704b333ac72c962b726d15f95e52	789e1f0ef02c704b333ac72c962b726d15f95e52
services/platform/migrations/sql/0027_production_recovery.up.sql	unchanged	15afbb73b82035facef90be8a0c3ae3450a9320e	15afbb73b82035facef90be8a0c3ae3450a9320e
services/platform/migrations/sql/0028_production_policy_deployment.down.sql	unchanged	e15898b7bb5f7dda030d24af39d6b8e2bc1e7681	e15898b7bb5f7dda030d24af39d6b8e2bc1e7681
services/platform/migrations/sql/0028_production_policy_deployment.up.sql	unchanged	b511e0365c46274172a5d7c797c7a004da342c27	b511e0365c46274172a5d7c797c7a004da342c27
services/platform/migrations/sql/0029_production_home_attention.down.sql	unchanged	145c43bd6ea6d9670f72cbc71556bc634218d265	145c43bd6ea6d9670f72cbc71556bc634218d265
services/platform/migrations/sql/0029_production_home_attention.up.sql	unchanged	8780ee44bfb51bde697fb1fe4e6493a46922f658	8780ee44bfb51bde697fb1fe4e6493a46922f658
services/platform/migrations/sql/0030_production_approval_notification.down.sql	unchanged	03ab1e5d75c16729925aa9fbcb71fda753c6b6a5	03ab1e5d75c16729925aa9fbcb71fda753c6b6a5
services/platform/migrations/sql/0030_production_approval_notification.up.sql	unchanged	efce0937af2bcb97a62831e8583bd85224f1af58	efce0937af2bcb97a62831e8583bd85224f1af58
services/platform/migrations/sql/0031_production_workflow_compatibility.down.sql	unchanged	cdefb5af2d6730aefeebc57f61e4d93b6ca2dee0	cdefb5af2d6730aefeebc57f61e4d93b6ca2dee0
services/platform/migrations/sql/0031_production_workflow_compatibility.up.sql	unchanged	b21bbb21d2146de817cccead2046edf509f2072d	b21bbb21d2146de817cccead2046edf509f2072d
services/platform/migrations/sql/0032_production_security_agent_planner.down.sql	unchanged	ce3104d5507177ac6a08ddc8c351de4295868a73	ce3104d5507177ac6a08ddc8c351de4295868a73
services/platform/migrations/sql/0032_production_security_agent_planner.up.sql	unchanged	86150a0779d97a5fd0f4b171049598c3c6517b98	86150a0779d97a5fd0f4b171049598c3c6517b98
services/platform/migrations/sql/0033_production_security_agent_attack_path.down.sql	unchanged	ffa1d8e52156df2d8a12c402af24164bd119be3d	ffa1d8e52156df2d8a12c402af24164bd119be3d
services/platform/migrations/sql/0033_production_security_agent_attack_path.up.sql	unchanged	4aca17a3c490f3babb76add1e5b05b422601c63f	4aca17a3c490f3babb76add1e5b05b422601c63f
services/platform/migrations/sql/0034_production_integration_setup.down.sql	unchanged	62d5b56d87e8a5e5ef7f26e6561d8036b605fd24	62d5b56d87e8a5e5ef7f26e6561d8036b605fd24
services/platform/migrations/sql/0034_production_integration_setup.up.sql	unchanged	c76f9289aa7369542423048c87a87d04b84dd73e	c76f9289aa7369542423048c87a87d04b84dd73e
services/platform/migrations/sql/0035_production_integration_webhook.down.sql	unchanged	0bbbf044d0eefdbeea5aea39b12b1cd2082d74b8	0bbbf044d0eefdbeea5aea39b12b1cd2082d74b8
services/platform/migrations/sql/0035_production_integration_webhook.up.sql	unchanged	ff825f007e4404426686bb4145da9a2501ac340c	ff825f007e4404426686bb4145da9a2501ac340c
services/platform/migrations/sql/0036_production_runtime_queue_replay.down.sql	unchanged	70622a7a9d4f660685d68a5f15193831e5694a0f	70622a7a9d4f660685d68a5f15193831e5694a0f
services/platform/migrations/sql/0036_production_runtime_queue_replay.up.sql	unchanged	1f52401af60e7ebb6c1b3778c3ddb10a260454f3	1f52401af60e7ebb6c1b3778c3ddb10a260454f3
services/platform/migrations/sql/0037_production_red_team_safety.down.sql	unchanged	0a3f037cc6ffb86df350cd3ad4c2bd636da8f5b3	0a3f037cc6ffb86df350cd3ad4c2bd636da8f5b3
services/platform/migrations/sql/0037_production_red_team_safety.up.sql	unchanged	a609d842c23c24a2f43e748c98774bd46bf00743	a609d842c23c24a2f43e748c98774bd46bf00743
services/platform/migrations/sql/0038_production_red_team_invocation.down.sql	unchanged	61c15be7e91970488c4080e89c9c59e2fe87ec81	61c15be7e91970488c4080e89c9c59e2fe87ec81
services/platform/migrations/sql/0038_production_red_team_invocation.up.sql	unchanged	3ebfb1875d3543a002b2d59e57cc27f64063da14	3ebfb1875d3543a002b2d59e57cc27f64063da14
services/platform/migrations/sql/0039_production_red_team_artifacts.down.sql	unchanged	8972f39eb661b5b767c906e05f7d2b546aedb15e	8972f39eb661b5b767c906e05f7d2b546aedb15e
services/platform/migrations/sql/0039_production_red_team_artifacts.up.sql	unchanged	8a6fd561620187a60f602712ed71da8cd60ca8d3	8a6fd561620187a60f602712ed71da8cd60ca8d3
services/platform/migrations/sql/0040_production_runtime_sessions.down.sql	unchanged	ae95a492854fc56c03a359a11ed043aafc84e284	ae95a492854fc56c03a359a11ed043aafc84e284
services/platform/migrations/sql/0040_production_runtime_sessions.up.sql	unchanged	cf6e69dafeeb22a19d21592cbeb513829fe75cef	cf6e69dafeeb22a19d21592cbeb513829fe75cef
services/platform/migrations/sql/0041_production_runtime_session_reads.down.sql	unchanged	8ce7eedd7c8a5470548b47fbc7296ce943f6bacb	8ce7eedd7c8a5470548b47fbc7296ce943f6bacb
services/platform/migrations/sql/0041_production_runtime_session_reads.up.sql	unchanged	a59085ff964d43fc701b423d929f274277dec435	a59085ff964d43fc701b423d929f274277dec435
services/platform/migrations/sql/0042_production_runtime_session_search.down.sql	unchanged	43e7cc4c8c8e5f7304ee43aa0108e214585d62e8	43e7cc4c8c8e5f7304ee43aa0108e214585d62e8
services/platform/migrations/sql/0042_production_runtime_session_search.up.sql	unchanged	af01d1b4454967776a5383dbc8561033cad0d4e5	af01d1b4454967776a5383dbc8561033cad0d4e5
services/platform/migrations/sql/0043_production_runtime_session_query.down.sql	unchanged	3a7fdd920c3bd3e5b1d24d7468d0d764842fdbcf	3a7fdd920c3bd3e5b1d24d7468d0d764842fdbcf
services/platform/migrations/sql/0043_production_runtime_session_query.up.sql	unchanged	22dd6e29679fb64b3db04db6a558d603b2b20d15	22dd6e29679fb64b3db04db6a558d603b2b20d15
services/platform/migrations/sql/0044_production_runtime_session_evidence.down.sql	unchanged	03a079a3c14436ef754eeb2e985c5ea63ccb525f	03a079a3c14436ef754eeb2e985c5ea63ccb525f
services/platform/migrations/sql/0044_production_runtime_session_evidence.up.sql	unchanged	fa48b2e41e32aac239bf75bc9842077dc20f97a2	fa48b2e41e32aac239bf75bc9842077dc20f97a2
services/platform/migrations/sql/0045_production_runtime_enrollment_pairing.down.sql	unchanged	d56917d5c915010730ed1644207cd28dcd3fa9e6	d56917d5c915010730ed1644207cd28dcd3fa9e6
services/platform/migrations/sql/0045_production_runtime_enrollment_pairing.up.sql	unchanged	9c299101940a41e61179e5a89660a0118f481146	9c299101940a41e61179e5a89660a0118f481146
services/platform/migrations/sql/0046_production_reconciliation_lane_plan.down.sql	unchanged	b8b210dac6011b42e144436637be738e89c8c1ae	b8b210dac6011b42e144436637be738e89c8c1ae
services/platform/migrations/sql/0046_production_reconciliation_lane_plan.up.sql	unchanged	f66c460ba6752cfa95977dbf4112955d6a640f07	f66c460ba6752cfa95977dbf4112955d6a640f07
services/platform/migrations/sql/0047_production_runtime_candidate_authority.down.sql	unchanged	6884c702d428db55b34e3794dacbdff2dc394715	6884c702d428db55b34e3794dacbdff2dc394715
services/platform/migrations/sql/0047_production_runtime_candidate_authority.up.sql	unchanged	20ebfa6f8ba90a17eec45d720eb1c1abdde50709	20ebfa6f8ba90a17eec45d720eb1c1abdde50709
services/platform/migrations/sql/0048_production_runtime_acceptance.down.sql	unchanged	d92ce0baccd0b3b0d46fb70f634133d4e0491689	d92ce0baccd0b3b0d46fb70f634133d4e0491689
services/platform/migrations/sql/0048_production_runtime_acceptance.up.sql	unchanged	8e120b0e70725e158f7f98bad872516521b666c7	8e120b0e70725e158f7f98bad872516521b666c7
services/platform/migrations/sql/0049_production_runtime_correlation_routing.down.sql	unchanged	5ac66c527847abc2057967aadf3967af23a94d05	5ac66c527847abc2057967aadf3967af23a94d05
services/platform/migrations/sql/0049_production_runtime_correlation_routing.up.sql	unchanged	e42b8469711b5a18e0cf01a1e252d4958c200935	e42b8469711b5a18e0cf01a1e252d4958c200935
services/platform/migrations/sql/0050_production_runtime_sandbox_binding.down.sql	unchanged	34770005b2cdf3d38204dda674ab9a87a1546888	34770005b2cdf3d38204dda674ab9a87a1546888
services/platform/migrations/sql/0050_production_runtime_sandbox_binding.up.sql	unchanged	67d000dbd550040dc35d32b40395c250f5d422db	67d000dbd550040dc35d32b40395c250f5d422db
services/platform/migrations/sql/0051_production_runtime_precision.down.sql	unchanged	a3231e2ce1307ccb15d7ed9a5c6575e7d3a039a7	a3231e2ce1307ccb15d7ed9a5c6575e7d3a039a7
services/platform/migrations/sql/0051_production_runtime_precision.up.sql	unchanged	bb445808ab72b56144cb47ec834f22eeb3cc5bb0	bb445808ab72b56144cb47ec834f22eeb3cc5bb0
services/platform/migrations/sql/0052_production_audit_exports.down.sql	new	1a763c7033b62a7d52f34baead6c04b95b8757fa	-
services/platform/migrations/sql/0052_production_audit_exports.up.sql	new	7ed97a886e8b2a4b9b0b21b188840b17a179acd5	-
services/platform/migrations/sql/0053_production_security_agent_budgets.down.sql	new	107a593aa8a7f4c94a446286120e80bbcdf8e3ea	-
services/platform/migrations/sql/0053_production_security_agent_budgets.up.sql	new	21ca6bcca8f81b6f3fc31e921b5b3f9c3ac397b5	-
services/platform/migrations/sql/0054_production_security_agent_run_context.down.sql	new	078eb425fc3a5a29885320a5151e13a169683db0	-
services/platform/migrations/sql/0054_production_security_agent_run_context.up.sql	new	71f615fd4a862327be41c110143092822a8c7d03	-
services/platform/migrations/sql/0055_production_security_agent_existing_tests.down.sql	new	c3514105cdc9fcc1353dadd577d1b1eea06721a4	-
services/platform/migrations/sql/0055_production_security_agent_existing_tests.up.sql	new	7b70f6493e3e5a0b4fe06d6d6c1e033a85e1a192	-
services/platform/migrations/sql/fragments/runtime_precision.sql	unchanged	d9a6d70274dd10d20b95bf2bda19c81368c83f18	d9a6d70274dd10d20b95bf2bda19c81368c83f18
services/platform/migrations/sql/fragments/runtime_precision_candidates.sql	unchanged	08b21d3aa2e9046cc3caf7061897ba908e938b54	08b21d3aa2e9046cc3caf7061897ba908e938b54
services/platform/migrations/sql/fragments/runtime_precision_completion.sql	unchanged	c4fde0b38b0c85016e1eeff10d06e70594857dcb	c4fde0b38b0c85016e1eeff10d06e70594857dcb
services/platform/migrations/sql/fragments/security_agent_budget_admission.sql	new	15074b44ba02f4255cd7630c384446efd91c65ce	-
services/platform/migrations/sql/fragments/security_agent_budget_release.sql	new	c8d9d40be84a3ff4a2279d7fda045eb27875ae8a	-
services/platform/migrations/sql/fragments/security_agent_budget_starts.sql	new	10fb4a057640fb9294cac8abe63dc466072c2892	-
services/platform/migrations/sql/fragments/security_agent_existing_test_admission.sql	new	97d58f6fafd2eaf5b4042b49a306973e588474c0	-
services/platform/migrations/sql/fragments/security_agent_existing_test_approvals.sql	new	58042da29426ec256ec4174f0ce3934277f875b0	-
services/platform/migrations/sql/fragments/security_agent_existing_test_candidate_down.sql	new	136794d859cfcff83a660e2614d601788e60e110	-
services/platform/migrations/sql/fragments/security_agent_existing_test_controls.sql	new	ab83ff33a4ce6167d791c28f73d4bde72feb7f1d	-
services/platform/migrations/sql/fragments/security_agent_existing_test_definition.sql	new	1f4bd50b46409f260be7f9bc837d19eda9810e20	-
services/platform/migrations/sql/fragments/security_agent_existing_test_dispatch.sql	new	1b81ad158594185459ad08b68a56665333a7f5b7	-
services/platform/migrations/sql/fragments/security_agent_existing_test_enqueue.sql	new	79f0a1db127529f68553dbc6a7eda4ac05368c18	-
services/platform/migrations/sql/fragments/security_agent_existing_test_evidence.sql	new	7490b2dfed22f12cbf1752bc5e0cc25b84415552	-
services/platform/migrations/sql/fragments/security_agent_existing_test_execution.sql	new	b4fe080b8249c96480bf21b3f6168752aff53067	-
services/platform/migrations/sql/fragments/security_agent_existing_test_global_control.sql	new	4a0a00bdfc38eaf4c1752f3376a23c8672334157	-
services/platform/migrations/sql/fragments/security_agent_existing_test_invocation.sql	new	2e1ac1e4ec77d81d30160785415824b6d21f8a1c	-
services/platform/migrations/sql/fragments/security_agent_existing_test_invocation_journal.sql	new	c3a158b83211366bb57f2d995da77f93848a3a75	-
services/platform/migrations/sql/fragments/security_agent_existing_test_lifecycle.sql	new	722798830f37a42df52e69246001090f5473287a	-
services/platform/migrations/sql/fragments/security_agent_existing_test_links.sql	new	bb3ca9e4cd3b0ab6d068f8e7496aad021bff1e86	-
services/platform/migrations/sql/fragments/security_agent_existing_test_planner.sql	new	a30af4b480e7a3c6fe57eddaf161f01e11d3e3d8	-
services/platform/migrations/sql/fragments/security_agent_existing_test_public.sql	new	c4c7d1a67947bdcc463894b2c8617253a21001db	-
services/platform/migrations/sql/fragments/security_agent_existing_test_reads.sql	new	01d0ac8b2df03786df9e01a23b10833a1bf2f818	-
services/platform/migrations/sql/fragments/security_agent_existing_test_reconcile.sql	new	095111d23ea6c76ffce85cb91665d6fefd986be1	-
services/platform/migrations/sql/fragments/security_agent_existing_test_settlement.sql	new	cbf5977d4e3a0aaa74f5a98f8b871dbf1176814d	-
services/platform/migrations/sql/fragments/security_agent_run_context.sql	new	a6372e583070e20e0b7c673e3a2cd02ce5152973	-
services/platform/observability/observability.go	unchanged	f726412a8bd0b7939e9e3fd3832f3d155fa52acd	f726412a8bd0b7939e9e3fd3832f3d155fa52acd
services/platform/policy/gateway_cache.go	unchanged	edf076844d14da2fe807911dce584febb9650dbf	edf076844d14da2fe807911dce584febb9650dbf
services/platform/policy/http.go	unchanged	54fead70bbcd76872799f4bfb012a7dba2971e4e	54fead70bbcd76872799f4bfb012a7dba2971e4e
services/platform/policy/integration.go	unchanged	6f5d3928c7281e883afe4aea89f98c291681876e	6f5d3928c7281e883afe4aea89f98c291681876e
services/platform/policy/opensearchhistory/driver.go	unchanged	c243b0c163fb83a02c94670934d2c203fb451826	c243b0c163fb83a02c94670934d2c203fb451826
services/platform/policy/policy.go	unchanged	de2406b65229ba465bcfe3d01854145caac15145	de2406b65229ba465bcfe3d01854145caac15145
services/platform/policy/runtime.go	unchanged	ee32f4dba2830e97b0a3e26090704a0709c00e9f	ee32f4dba2830e97b0a3e26090704a0709c00e9f
services/platform/recovery/canonical.go	unchanged	f67ed0e62f964818ad66b515ce62f0d24995a6cb	f67ed0e62f964818ad66b515ce62f0d24995a6cb
services/platform/recovery/manifest.go	unchanged	8c591f271c31ae5afa88725a2d19d3241ce04e04	8c591f271c31ae5afa88725a2d19d3241ce04e04
services/platform/recovery/neondriver/client.go	unchanged	11839558905fc953bbad695c70bcb47d62379158	11839558905fc953bbad695c70bcb47d62379158
services/platform/red-team-adapter/config.go	unchanged	d6ddb213a53ea53e7f58b5ecaa49293334e82152	d6ddb213a53ea53e7f58b5ecaa49293334e82152
services/platform/red-team-adapter/main.go	unchanged	aedfb85ecf6727bb6ae5f2b1bc2dc1634ec1412e	aedfb85ecf6727bb6ae5f2b1bc2dc1634ec1412e
services/platform/red-team-adapter/production.go	modified	3b3439b11851a35cade310bdd661093777b4d2e2	d067134d2a95bffab69668968c9e20e2ed6c7a1a
services/platform/red-team-adapter/production_routing.go	new	0286b48b6c8fef581b479b9c7a846f963e4e3240	-
services/platform/red-team-adapter/tls_file.go	unchanged	3184d0cee2f1939694168f2c2022c89f13ed3a92	3184d0cee2f1939694168f2c2022c89f13ed3a92
services/platform/redteamadapter/adapter.go	modified	32c9c40d9ac4f3551e9bdb0ce13189d6fc617ffe	3e974daa624c319f86881bcdf4adeeeaf1b86f6f
services/platform/redteamadapter/cloud.go	unchanged	d02e60f8a54702706151736026159bbfe6b8c2c1	d02e60f8a54702706151736026159bbfe6b8c2c1
services/platform/redteamadapter/http_invoker.go	modified	f4bfb9f980259f0d357b19963d13aa486b73a2ed	bbad0952281a44f3b4945ed8c8fc7695756bca32
services/platform/redteamadapter/journaled_invocation.go	new	b1a96225343ccaf01f877de08b90c81a6ec777b5	-
services/platform/redteamadapter/postgres_journal.go	new	4ac32398d63da8660f000d5839d0adee229e8ed6	-
services/platform/redteamadapter/postgres_resolver.go	unchanged	91beb8a1b0c447f0db8eb59eb9a96aa5830c717c	91beb8a1b0c447f0db8eb59eb9a96aa5830c717c
services/platform/redteamadapter/secrets_resolver.go	modified	295478bff7371ff2200e7756707a6ba909583a96	e237e27dd5000194c5c6c615c2407450ec3c8e07
services/platform/redteamadapter/target_comparison.go	new	fd4d967a94a81aef85666d3824f3f1c1663fdaaa	-
services/platform/redteamadapter/token_file.go	unchanged	f2e9cd2480eca9fec2ffa6eb8cd938235af2bc34	f2e9cd2480eca9fec2ffa6eb8cd938235af2bc34
services/platform/riskprojection/projector.go	unchanged	286b5ef6d9e0aa6236de1abe5414ad8f94489026	286b5ef6d9e0aa6236de1abe5414ad8f94489026
services/platform/runtimecorrelation/correlator.go	unchanged	d4bdf80151d8822156da1350e372e1d49efad2ce	d4bdf80151d8822156da1350e372e1d49efad2ce
services/platform/runtimecorrelation/frozen_correlator.go	unchanged	b99870753be4386f3c6c7296cc69d2ed800e44b1	b99870753be4386f3c6c7296cc69d2ed800e44b1
services/platform/runtimecorrelation/precise_correlator.go	unchanged	aba18825eb7fe780c1d3104d2b0560af65326d56	aba18825eb7fe780c1d3104d2b0560af65326d56
services/platform/runtimecorrelation/precise_receipt.go	unchanged	1a0e8e0d9506d44e6756f76a51b30dfa1eb4c777	1a0e8e0d9506d44e6756f76a51b30dfa1eb4c777
services/platform/runtimecorrelation/receipt.go	unchanged	9ef63b739d08261ecc7f6a322bd23f737317b7fe	9ef63b739d08261ecc7f6a322bd23f737317b7fe
services/platform/runtimecorrelation/sandbox_correlator.go	unchanged	6b67aceed0a9ce0513cfd10dc35b9c5bd34c15c5	6b67aceed0a9ce0513cfd10dc35b9c5bd34c15c5
services/platform/runtimeevent/http.go	unchanged	0c9966d00330a4fc4b13815322078d5a52cf0826	0c9966d00330a4fc4b13815322078d5a52cf0826
services/platform/runtimeevent/precise_archive.go	unchanged	0a29a7cf6459e3eef04a497c83c85b77249a0b81	0a29a7cf6459e3eef04a497c83c85b77249a0b81
services/platform/runtimeevent/precise_candidates.go	unchanged	c9ef7ad719dc96abd183b98a527816ca55595392	c9ef7ad719dc96abd183b98a527816ca55595392
services/platform/runtimeevent/production_acceptance.go	unchanged	08c3e35142526cf13378373483d3f2e820509b4c	08c3e35142526cf13378373483d3f2e820509b4c
services/platform/runtimeevent/production_candidate_repository.go	unchanged	b69ad3ffb0ab32eb5d1362924d97b4518dc3a893	b69ad3ffb0ab32eb5d1362924d97b4518dc3a893
services/platform/runtimeevent/production_correlation_routing.go	unchanged	55260e6e3c061ad1237b6f56fd35ddec77c3988f	55260e6e3c061ad1237b6f56fd35ddec77c3988f
services/platform/runtimeevent/production_ingest.go	unchanged	3700b2fdd650dc74befb6115d35d7b2560d84a16	3700b2fdd650dc74befb6115d35d7b2560d84a16
services/platform/runtimeevent/production_pipeline_repository.go	unchanged	9827d02630adb6bdd7a486e2f346327b82011490	9827d02630adb6bdd7a486e2f346327b82011490
services/platform/runtimeevent/production_precise_completion.go	unchanged	419e4d64793fea9208429bb03813c10bc8088d4c	419e4d64793fea9208429bb03813c10bc8088d4c
services/platform/runtimeevent/production_precise_http.go	unchanged	ecff4902ca61b42b259aa7cc6b389415942c4284	ecff4902ca61b42b259aa7cc6b389415942c4284
services/platform/runtimeevent/production_precise_ingest_repository.go	modified	e8c11779b0f2cedff539fe3835c2857a0c9b024c	06e0c6efa26c3bc2a759608b7df6e879e72d35c9
services/platform/runtimeevent/production_precise_routing.go	unchanged	854e7d66b298c4c66c6fbf0b98d8a266d9e8e714	854e7d66b298c4c66c6fbf0b98d8a266d9e8e714
services/platform/runtimeevent/production_repository.go	unchanged	1d567def82bfdcff711fffaecbe6804b8a32df6e	1d567def82bfdcff711fffaecbe6804b8a32df6e
services/platform/runtimeevent/production_session_routing.go	unchanged	b0f04445d0d0fc14b4d027949514aec5a8d7befb	b0f04445d0d0fc14b4d027949514aec5a8d7befb
services/platform/runtimeevent/reconciliation.go	unchanged	b03bfbb81f6d1f27098fd4bba6dd9f631bc8f799	b03bfbb81f6d1f27098fd4bba6dd9f631bc8f799
services/platform/runtimeevent/runtimeevent.go	unchanged	9410ecead03a06d3dcf2f30a73449099446ceae9	9410ecead03a06d3dcf2f30a73449099446ceae9
services/platform/runtimeevent/stage_receipt.go	unchanged	097c6bd635f9a750681bed37b75866e65079e303	097c6bd635f9a750681bed37b75866e65079e303
services/platform/runtimeindex/opensearchdriver/driver.go	unchanged	10ece9bc3de96b79a80746b1cc52c9aad0327997	10ece9bc3de96b79a80746b1cc52c9aad0327997
services/platform/runtimeindex/opensearchdriver/schema.go	unchanged	da32dd44b6afbdf53a5882aef76b227a4c984ee6	da32dd44b6afbdf53a5882aef76b227a4c984ee6
services/platform/runtimeindex/opensearchdriver/session_index.go	unchanged	1f37c412f3b328ad08af52d3a8c447b36f2539e4	1f37c412f3b328ad08af52d3a8c447b36f2539e4
services/platform/runtimeindex/opensearchdriver/session_precise.go	unchanged	82c49cfb31e9a887567c06bb133d7b778f644d54	82c49cfb31e9a887567c06bb133d7b778f644d54
services/platform/runtimeindex/opensearchdriver/session_selection.go	unchanged	7ded454ff490deaae5e4cfa287066fc1c09976b2	7ded454ff490deaae5e4cfa287066fc1c09976b2
services/platform/runtimeindex/opensearchdriver/session_visibility.go	unchanged	2c33271e1a3cbf7d4c5064f35917f5c802f96b53	2c33271e1a3cbf7d4c5064f35917f5c802f96b53
services/platform/runtimeindex/opensearchdriver/session_write.go	unchanged	ee0fd285f881d2d69652b2241a06c9a6cb473fdf	ee0fd285f881d2d69652b2241a06c9a6cb473fdf
services/platform/runtimeindex/precise.go	unchanged	ff5d4ec44945072b7c96856ee1846fd25c1957bb	ff5d4ec44945072b7c96856ee1846fd25c1957bb
services/platform/runtimeindex/store.go	unchanged	d4477875675d0e67b8f9e747d26434bc986ea0c5	d4477875675d0e67b8f9e747d26434bc986ea0c5
services/platform/runtimelineage/observation.go	unchanged	9aa15ee6cf60247243b260dfa3c24cdf8c3e83b4	9aa15ee6cf60247243b260dfa3c24cdf8c3e83b4
services/platform/runtimelineage/precise_observation.go	unchanged	0680022bf038f2a96d13137cd37d74b6e66b07da	0680022bf038f2a96d13137cd37d74b6e66b07da
services/platform/runtimemetadata/metadata.go	unchanged	f3a7cd43f54b3e9a6fb3848a93700b565e482707	f3a7cd43f54b3e9a6fb3848a93700b565e482707
services/platform/runtimeprojection/precise.go	unchanged	65d7d8388ee930a7edf959e7040e30233aa0044f	65d7d8388ee930a7edf959e7040e30233aa0044f
services/platform/runtimeprojection/precise_receipt.go	unchanged	27fc47fb080645b828b31974cae8a85b50d0f740	27fc47fb080645b828b31974cae8a85b50d0f740
services/platform/runtimeprojection/projector.go	unchanged	97bf7eecc4e3493e6c05f5571a7a673c22c16cd0	97bf7eecc4e3493e6c05f5571a7a673c22c16cd0
services/platform/runtimeprojection/receipt.go	unchanged	2748215e1861ee3837e6186d106878eca2fec2b2	2748215e1861ee3837e6186d106878eca2fec2b2
services/platform/securityagent/action.go	unchanged	e56cbe92e45dcaff66f97b9b24ab401e4bc61b46	e56cbe92e45dcaff66f97b9b24ab401e4bc61b46
services/platform/securityagent/action_readiness.go	modified	4f6946dfc5083aa0bce90c84944d24b5cacf2c2f	529544a870993582073d7d36ba5bc503ac3ea41d
services/platform/securityagent/audit.go	unchanged	dc0cff917376fd648dee26bf28fb033a4d22323c	dc0cff917376fd648dee26bf28fb033a4d22323c
services/platform/securityagent/builtin_actions.go	modified	a399271224f77a2c17da3564e9bbc8fdcc0d54e5	bf5cca18f761d00f7edc624017cafd93eb866af8
services/platform/securityagent/dispatcher.go	unchanged	17b37a772801d4935e4a3524b43bcd9dbf1b1589	17b37a772801d4935e4a3524b43bcd9dbf1b1589
services/platform/securityagent/engine.go	unchanged	4f6aeba719aa717ad689c9b8492fecfa1e1d71d1	4f6aeba719aa717ad689c9b8492fecfa1e1d71d1
services/platform/securityagent/expiry.go	unchanged	4a8ee1d474b298bd55b42d34fda59354358ef8d0	4a8ee1d474b298bd55b42d34fda59354358ef8d0
services/platform/securityagent/http.go	unchanged	0fc0c13845345c3690945ae53efec1b78708c826	0fc0c13845345c3690945ae53efec1b78708c826
services/platform/securityagent/migration.go	unchanged	6c17573a8949037c9bc356c3846a763ce64f9e64	6c17573a8949037c9bc356c3846a763ce64f9e64
services/platform/securityagent/mvp.go	unchanged	c78eff5adee54a388e6a5c01bb82fe2044df8b3b	c78eff5adee54a388e6a5c01bb82fe2044df8b3b
services/platform/securityagent/planner.go	unchanged	1a5cafd1b89c0ec2eabd1d7b4008d67867db8258	1a5cafd1b89c0ec2eabd1d7b4008d67867db8258
services/platform/securityagent/repository.go	unchanged	2a3e4195ad1579b8174158a657c24df8078bcb10	2a3e4195ad1579b8174158a657c24df8078bcb10
services/platform/securityagent/templates.go	modified	bd0223e4a33e66ddd349bae084a05a71edebdedd	c15cb89053c80306ac63178fc274e30f475ad4bd
services/platform/securityagent/triggers.go	unchanged	8db618ceba15c085f0f0ab80dc01f1db88db7c92	8db618ceba15c085f0f0ab80dc01f1db88db7c92
services/platform/securityagent/types.go	unchanged	4407bff20b05cf6648680b057d6f54615fdb3b0a	4407bff20b05cf6648680b057d6f54615fdb3b0a
services/platform/securityevent/securityevent.go	unchanged	dd6ef8ecfb46a801505810dc1861486450992732	dd6ef8ecfb46a801505810dc1861486450992732
services/platform/sensor/enrollment_binding.go	unchanged	72619a49ad5a0151fc342dc10bdf3b9054b564cf	72619a49ad5a0151fc342dc10bdf3b9054b564cf
services/platform/sensor/http.go	unchanged	892f63968322df77aad2eb08c4358df0ba6e44b0	892f63968322df77aad2eb08c4358df0ba6e44b0
services/platform/sensor/private_heartbeat.go	unchanged	235f3024d9b61cd9324ed00a41bb9b86dca5e64f	235f3024d9b61cd9324ed00a41bb9b86dca5e64f
services/platform/sensor/sensor.go	unchanged	eefde8a71b5f1870967a7c3848955d28f531f6f3	eefde8a71b5f1870967a7c3848955d28f531f6f3
services/platform/sensor/token.go	unchanged	25603eb7cc465adf3f214d8e9fa1a9ffdc0140f5	25603eb7cc465adf3f214d8e9fa1a9ffdc0140f5
services/platform/sessionsearch/document.go	unchanged	3e10efcfe9e52b505a8afb646998cf4bfbc4c3f5	3e10efcfe9e52b505a8afb646998cf4bfbc4c3f5
services/platform/sessionsearch/precise.go	unchanged	5aa4b729ee63f3998c79d41918390aae18e457b1	5aa4b729ee63f3998c79d41918390aae18e457b1
services/platform/sessionsearch/query.go	unchanged	d17720c73c04589f7d6557f3fdaeb331e2117093	d17720c73c04589f7d6557f3fdaeb331e2117093
