path	recovery_git_blob	destination_before_git_blob
.github/workflows/runnable-ui.yml	4003bb7a34fd8d25d05d8b87f05706af52540123	bf8e4f9eccd1e23562c194fbdffa580008e376bf
app/features/administration/AdminOperationsView.test.tsx	a591d2ecd14715a497663944d9e80411cc0a4bca	d0c88837d9598aef3ddf10508451dd96b79f7369
app/features/redteam/ProductionRedTeamView.test.tsx	fa67879c149a42b9840ebba63b6ae9b8c0cea02b	512a8b51b15daf86944bb60f9f37058c42a21690
app/features/risk/ProductionRiskView.test.tsx	859181a8b9b4a1d1f9d64811eb4a3ecf5f606023	7a08924b9d8c316a9acb77f80d02e8913f8fc25c
app/features/securityagents/SecurityAgentsView.test.tsx	9af2028ceda928687ee24a060405b3a0e095744a	0b9486f0435f0fc95cf8436810b4bbc18c88d5f9
app/features/sessions/RuntimeSessionsView.test.tsx	ac164cd0d27e0f772d828797b3206f590e92a96a	a0c5362513ccd34c68c8246b15fc6da1e4aefd7a
app/features/workflows/api.test.ts	b0a816827ccd27c3c24694f6b99b8fe09c603bfb	bc5c91b622ea3f1d14bdd7c90bae1f0ac942782c
app/quality/dependency-lock-contract.test.ts	465966fed84118c2a0e687438f88c2cad4d7ed35	2e08d9322c229f33a8fdcc7e5a79045a758abd6c
app/quality/localstack-sqs-proof-contract.test.ts	cd2fa373794967563e4bdcab20ad12e9bdc82773	75178b87590afee9646c584a6b1a32e18a90e0fc
app/quality/localstack-storage-proof-contract.test.ts	509a92fde8e6a61ef1f827e86480da3d817d2018	bed16faaabe5634eac9a599d7c2a0ba12a8a9a70
app/quality/m1a-m3-foundation-batch-contract.test.ts	73e86ee3f38582fc15a360cf07f1f9f1ca3f4e0a	dacfb7929cdd670f17d108baecb2b2c20ccf0cb9
app/quality/m2-closure-contract.test.ts	d4ee3b711fe53bfa17085b01457ac3354bb68847	3d31b209e3bff35720d023910c5862b8d349bca8
app/quality/m2-identity-governance-ui-batch-contract.test.ts	84b588e306e796af41ae8f678fd7c528bceed77b	c81fd6b544f732fb582d6f6be9daa09860d8cbf4
app/quality/platform-api-command-contract.test.ts	610c7e2686c56c3d9a6074c08ab988a29bcd9330	9570fd133b7152efca31b42a674d68a534f14200
app/quality/runnable-ui-workflow.test.ts	6a46a5eb73b89a56182508ef7db67d37a69f7c44	dfd5bf55fd0504d54636978e9ca0d34bacb447d5
app/quality/s3-artifact-interface-contract.test.ts	24a0c72ed673ff43357ad828488d50ace7cde139	1d88420c0bb31ee049461991a6fbec17b7d8cb15
app/quality/ui-api-coverage-ci-contract.test.ts	50cd599fc07a4a2a7b753aaf883a57db7d740594	f2411802ab6cdbd53fd710ac851b995b73e27e71
app/quality/ui-api-map-contract.test.ts	7f66690e556dc436c771e0f17ab9315249e8ed62	c84acb820999b4a3f42fba35dc20581ae978aee5
apps/web/api/decoders.receipts.test.ts	081203e7a5854be8e4b216afc30bdac529403040	bc9dda6685a3281885180d57fc80e1a4491b67ca
apps/web/api/decoders.red-team.test.ts	59933c747b66c4e49b3c18a1a205ef0d827ca7bd	369b1130d83e3409184256d61f7c7c7a2eef201b
apps/web/api/decoders.security-agent.test.ts	ad2ef11d5b7cf2a1e1f5731f593feb4ae91d8e5d	d3c9a0bc5ac5fc455dd0692a84b879f200b9ecf7
build/dependencies.lock.yaml	1883cd58778c4f3b19d525367e57b4096c18a468	68f532d333deddfe1031be444888bdfc26fa0bb3
deploy/production/compatibility-observation.mjs	f14cf2177f9d56c11252dcbe58a305d63f6c874c	3287e5dea9ea92fd3bca464eac7834552c19b5c7
deploy/production/compatibility-observation.test.mjs	d4e24f6c2bb7bbbd89ce9bdbd3744c2b912cb261	a4776d4d370d5169040a1a43e7c49333425f8aa1
deploy/production/release-contract.mjs	a5bb317b68143b84b4d1c6da3e0e6290c88f6ae4	5b2588f1014b3edda0073d9db0f255414b042471
deploy/production/release-contract.test.mjs	b433432814ef466a6120c4d41b2fe14cc5d4ca54	b544eefbb2961ea82e557e7dd923462890bf58a0
deploy/production/release-gates.mjs	3d3b3f89df9615d0a788699b97d2db6451062444	2c6478c4cd8c44de950081a9783cc9a2d00d3998
deploy/production/release-gates.test.mjs	2bebae4c856a71169f8e0a64565ce311cb90210f	cf9c69eede9037633b3d1d299235ac372fb77344
deploy/production/session-search-rollout.mjs	f2147fca2f58fd34163dfde5841bc0701c2fa56a	83e0c41129e52f6987ab57cfe6575fe0ac1335ed
deploy/production/session-search-rollout.test.mjs	da8c4eeb1214523976559bbf03d8508a86a44de0	4e1e6451ccac5074d3ba6068714ea714402c0cac
deploy/production/web.Dockerfile	30a739f52392568e0a3580a4db2cb340420b084a	ec0edfa52d0b6f07be6cd9e8b4a2c63847278c61
deploy/staging/gate.test.mjs	8afa35b1af34a14b83a28c14080a557a6aaf7d97	23124f5ef322804463d543066ed7c86ab3dfcc04
deploy/staging/main.tf	1a346e64eaaabc94fb42e4b38d8140a8264f0e42	90a6a1047263ea0d9af54c39a54b5f5ab6906613
deploy/staging/product/templates/_session-search.tpl	33076ab7a4b808e18a346c6f3062f32ab6f3e032	00ea54510aafb56d1c2080c21ee3e93d4211d002
deploy/staging/product/templates/migration.yaml	e82694c15528c7bf3054ed317183db70c5e974d0	961358c33e4cc36ad07876d73a6d406628a5af82
deploy/staging/product/templates/red-team.yaml	b7d79e46a3c28fea1ad702b832353d91f2f1130b	c23b7a8d7afdf308c9b07080669395c80368ca77
deploy/staging/product/templates/resilience.yaml	6542cf6900cea8c7fa5ef75034c8a3e62c96e746	8948182c915b25329603d75f6b50592c579faf8a
deploy/staging/product/templates/secrets.yaml	04661986c3a5eccfefba44e86f5781d3c5ed8c9a	b5ee61bad62b060c581a72acd065c0139bbc07f2
deploy/staging/product/templates/workloads.yaml	b19dfa15d13b63cd0f7ebd1ff3caca2a07873fde	89b97ac15725930220ffc37de63644c2456ff913
deploy/staging/product/values.yaml	f693dcd7d2306da905e85d9833c58fed0bd48f50	b2e82fc4ead161cc0a98830a6462e363abc4fd44
deploy/staging/tests/session_search_iam.tftest.hcl	d4cebc159c8aa7ac58d81a105d252080cd6d2dfe	256bbec8f073604285e86354b9430d7df5e87af5
eslint.config.mjs	650f4bafcf39e7d568e7814f25cd86e8bc478f4c	b5db6a2cd0da601dd815ff85dcb5b5c7b8a13e85
openapi/identity-admin.test.mjs	83fd3c194e3d4d887db27af6f02ce30fa0513ce1	b76f45179fb8e1c8ed6a0cd39665a264366f80ea
openapi/openapi.test.mjs	37f7646dc07db6603cbb84a7f11dc882f5e6b351	012b04ad2d98eb605de1c31b4e24ff6491cfbb30
openapi/openapi.yaml	80453eb58a1fbb3ccc31db7e4b0d376be3def5f8	76b12d0289c057c32d02a48a54def952b0291caa
package-lock.json	f19911ce997d2b26a14948a9230bbc66b28e0094	fd2bd56e8c6c99219f876ba74a0eb41b5d68888c
package.json	2347ece9ca75394fe9453ec59a0c97c00135f64e	185ef638925c5e4ad0aedaa8ee1cf0bb4926533a
proofs/localstack-sqs/go.mod	4de48eb77fe95e982e7acacead8657c9f4fbe10a	0694d838041e8442911cdc22212d9f0f055439bf
proofs/localstack-sqs/go.sum	1e6856feb39653b0ac1a977f6691a341646c6e92	b08d16170e3a0ebe2e6a3f17c220f1eae15ebbf1
proofs/localstack-sqs/job_queue.go	84041f13cce9cc5305b975c4cf72b5dd8cd1222f	e32f60cb8a4284324a61d3212215fd832ac9488d
proofs/localstack-sqs/job_queue_proof_test.go	2295a0045a3ecbc718c2efee0e27a918413e6645	5335dcfa5bc86b3d719f68d73d69588d752dde80
proofs/localstack-sqs/job_queue_test.go	113ffe8bb26f51111e16c4bacfabe64d207c18a9	35b69281da0affadbd943ff7572f8af92393b0bb
proofs/localstack-sqs/job_sdk_test.go	0cd2f477abf1569804b0a8088f545860fbf60c4c	c82dd4da529f4d8a7eb89db17321d621ebac124b
proofs/localstack-sqs/proof.go	fed2055a0e75d88f83061edb681415afb014147b	0448b57b741f185db958eb07dda582e79285e142
proofs/localstack-sqs/sdk.go	409a248c2df0905fd199f772f5897094ba649a48	b6845661c7530cc5c4a02cc39e53e9e6cf8f2564
proofs/localstack-storage/go.mod	1a487ddd6568b89e42e598d615287c4eb0033673	d07908f5793981417e21cb5a5e77a303cb89576d
proofs/localstack-storage/go.sum	bed4d1640e0f9c9429237362fa0ef03f36c3a5fd	2be878d7457e6a4135a55857dfd39d8bc3000a49
scripts/check-production-imports.mjs	ec38972a056999162a01c92890b160dd0fa7a8b0	ee4bfc8bee6d541f76fb1e2e9cf08eb257398c32
scripts/check-production-imports.test.mjs	6da916217a871ab3028d19f2a48bf556bd7c1d55	ddcc5ed1cbe42dc94ec859657ac56a27b9a91758
scripts/check-ui-api-coverage.test.mjs	20d09b15804a65db616a5b94d23d927ac00acfe4	68934036eb6724c843053d8d4df331b94343215e
scripts/production-combined-e2e.mjs	c673695d9e75f8be168c5dccf5348f8f1461c006	a3379c555e9f0bcff715956359cc6a5a40285f69
scripts/production-combined-e2e.test.mjs	f0cae6dd35fe5b181447218d2742f0ed375fb0c8	c018b9de6b76417969141ffda1af4b154e3d0b1d
scripts/production-release-gate.mjs	2c72a3a69e2021d1d8738f361d7b945eb2c047db	04ce5d9ced1004c93a1c9321b03c7bcec44b5029
scripts/red-team-runtime-proof.mjs	cc355b06fa552ae3eaa68031e382cec09e2167ae	e58e1d21c44fdec07e9224cd3417c827aeb1e647
scripts/red-team-runtime-proof.test.mjs	245b888281128f313a610de74ffb0b737e8256c4	a73c1d3eb225c9c0a5cda587b97a3660a48eff09
scripts/sensor-daemon-replay.mjs	de796d7bb77f5997c17e14338d7bec1dc1e345de	8642f97844825f2fe92765d36341f9f2b056c42c
scripts/sensor-daemon-replay.test.mjs	3dd5abbd42ed0d1699e1252ed3e195479914dbfd	6fdcf0a8fadcd2fac7935d9ce420dc671e26b9e0
scripts/validate-dependencies.mjs	7005f5fb3423b466449a03af9a198c3fcd892b00	140cfdc3c48082c720222090c357ac772c8f0930
scripts/validate-dependencies.test.mjs	5e9c2d716c08b80fd30269e4582a59adc32a9e7a	c86e1e7fd53141e25420693b33ae71887bf40ceb
workers/redteam-node/image-proof.mjs	73732c310540b91367fd0332999f6737a95dde6b	7ed0a57503f1ff0b4e71dfddaf4585ef0a9364f4
workers/redteam-node/image.integration.test.mjs	e2c3165a84fa95e0174bf6cfc1f303b76443634e	54c55b8d4abbfd7e4c643ededdda6a462e03d0b6
workers/redteam-node/package.json	54f0b79add19b0d8539b8f18fcfbd55e0bb3c3a7	cadcf877f9e4bbf92c4a5f5503ece71cecd7c3e3
workers/redteam-node/runner.mjs	ad74a2e75e4ac5901038fff048428a21879b0225	b591f57ab7faaf0f86afb34d5dc010ab2013d3ca
.npmrc	217a6949552835ce7fac49bb45e74d08a10f2097	-
app/api/APIProvider.audit-exports.test.tsx	2d29d6041b015db3e342ce492b29d137e53918d6	-
app/components/ZaspProductionApp.test.tsx	460bf652a86ac08f3d7395ecd2a235f928dc6ac0	-
app/domain/activity-links.test.ts	91a3ca063a318e1c51cc0978032de66874a11253	-
app/features/administration/AuditExportPanel.test.tsx	fa1eb7c0a5d03d1f055b632cb3995623dafbec4c	-
app/features/administration/AuditLogPanel.test.tsx	ab30faecc861e58711d65c038676d966707251bb	-
app/features/administration/audit-export-controller.test.ts	a4b95542b0332000b366c1eb94648564f04a65c0	-
app/features/administration/audit-export-resume.test.ts	efaec50413c6a105a15e995538842acef8480935	-
app/features/administration/audit-export-save.test.ts	b8ea4aa5d71a003fe4df6be4419337ee89c73b6e	-
app/features/securityagents/ExistingTestEvidence.test.tsx	ad922553fe97c17d893cc53bb1007248ef2ca3be	-
app/features/securityagents/SecurityAgentActivityPanel.test.tsx	66acd1ca4fdd293ad9efbbdd2efb4a7db10efdc2	-
app/features/securityagents/SecurityAgentAuditActivity.test.tsx	d20c60ebabb0704eee124431533a1ae4c369e92a	-
app/features/securityagents/SecurityAgentAuditView.test.tsx	97eaec54eff4d29b941df4b9788feefab6733f3d	-
app/features/sessions/RuntimeSessionActivity.test.tsx	2adb69cb30f874a4b7e8b384f4684ff028834569	-
app/quality/audit-ci-source-contract.ts	41da46f3fa642c540aadafa9eaaf21e4ce26432c	-
apps/web/api/audit-export-codec.test.ts	6c1b4acebf6d8bc56a3169ee5fe82bdce5bbaceb	-
apps/web/api/audit-export-decoders.test.ts	a39ac1f0fa2ca095592625f2ad38392baf56ba2f	-
apps/web/api/audit-exports.test.ts	338dc7210028db8694c103165f61c5eeed98ab2f	-
apps/web/api/audit-log.test.ts	6ed2ccaf1ee2d535770830770e94c19cfcb82b0e	-
apps/web/api/decoders.security-agent-actions.test.ts	fe394b0b1c093228f78fc5ff29bbf6932845aff4	-
apps/web/api/decoders.security-agent-approval-context.test.ts	e7ad63cc0a3ced547297d1e389eb2e88ec9e3228	-
apps/web/api/decoders.security-agent-lifecycle.test.ts	4dd5177ec9715b6f3da1916f6ce62e5b3b695f3b	-
apps/web/api/decoders.security-agent-test-proof.test.ts	7347c95834b50d6226239cc6c9f7914306949e60	-
apps/web/api/security-agent-activity.test.ts	29f7b26136575eadbe2a1f46486e038b27a6029a	-
apps/web/api/security-agent-audit.test.ts	29c5a2cadf0b08d8ed3dceec75c2f25d867e036d	-
deploy/production/audit-export-alerts.test.mjs	a3964a6dd3f1ed395ab005d6f4088aaafc3f54fc	-
deploy/production/audit-export-network.mjs	eda486cfe5bfebfc50a66f874772e14da5a48385	-
deploy/production/audit-export-network.test.mjs	4d9c65f7ede8a1f0ff1aa7e51ae0c663a8488667	-
deploy/production/audit-export-operations.mjs	3bbde4ecf3f7b8145f4bf1e9b92b08a693ed8dab	-
deploy/production/audit-export-operations.test.mjs	3d2bc1787a402a5a5f85c68bc614c8e1e2519e02	-
deploy/production/audit-export-release-fixture.mjs	d489900fd042307060586021b40fc7c5f64f237c	-
deploy/production/audit-export-rollout.mjs	703e5ccbbb713406fc9740aeade56dc960eacb7a	-
deploy/production/audit-export-rollout.test.mjs	eff18746c5303aa514f9e8a35eadc6eaa5454d70	-
deploy/production/audit-export-workloads.test.mjs	640084494cb6883f921155ffb680a8fb492afb2c	-
deploy/production/security-agent-budget-rollout.test.mjs	155edde579945b396c3a77342428caaffd0f3281	-
deploy/production/test-reconciler-alerts.test.mjs	09352ec7ff962874a61d6cdfede952909335b774	-
deploy/production/test-reconciler-network.mjs	a2997d2f83fcbe4cf7e31c7ba69a1aa9f3c82040	-
deploy/production/test-reconciler-release-fixture.mjs	4f3014f770cb5023e03988f9c51d81c43948c43c	-
deploy/production/test-reconciler-rollout.mjs	c7c5222345ebe8d9254264b08d125cc567310000	-
deploy/production/test-reconciler-rollout.test.mjs	7cc04bddd29f6b1dfd9c260e34062ea96bd2323c	-
deploy/production/test-reconciler-workloads.test.mjs	7249038bac04eed92e7a5e983e47294a23619cb2	-
deploy/staging/audit_exports.tf	2f4dca6376a2528ee63210e8c1888e60e56e6a08	-
deploy/staging/product/templates/_audit-exports-api.tpl	f914827ca1431fa50decf2fc2fce99f5322c2df5	-
deploy/staging/product/templates/_audit-exports-migration.tpl	894a58a023ed6bfdebe595dd00142ae46d51e86e	-
deploy/staging/product/templates/audit-export-network.yaml	0e28aaaa2319884b4d3d80b173963c418f4048de	-
deploy/staging/product/templates/audit-export-operations.yaml	9d42ba384fc1cf8e873cd2544d3da05d34410127	-
deploy/staging/product/templates/audit-exports.yaml	1a9c5e4983f82f0d19587a83e1e98fe174b59286	-
deploy/staging/product/templates/test-reconciler.yaml	4e541548f37bd9c99a71e7cada5747c6f805371f	-
deploy/staging/test-reconciler.tf	7401d011f758f0f189f177ed8319cf91c3053b0c	-
deploy/staging/tests/test_reconciler_iam.tftest.hcl	792b6530745a8fc82b577e0e30d5cf6594b27c20	-
proofs/localstack-storage/audit-export-container.mjs	c66de4b99101322ae634b1e80bcf04a322e7aadd	-
proofs/localstack-storage/audit-export-container.test.mjs	6bed9fd054f4f19d418b7a20823e2aac5a911ab5	-
scripts/audit-export-browser-proof.mjs	5ab9446fc5c74bc101f5037d1d622c255fb23975	-
scripts/audit-export-browser-proof.test.mjs	1d5be2b52e2646927969b9c0824fd3c704a12672	-
scripts/audit-export-volume-proof.test.mjs	c893a69cc335f9dd49e873feeb969a8191a5deeb	-
scripts/audit-log-browser-proof.mjs	e54be1d1429a17955a95bd9c734fb0a8ecdd8313	-
scripts/audit-log-browser-proof.test.mjs	5080e6b7464ed4a067efd82137e489295dc1d399	-
scripts/dependency-esbuild-regression.test.mjs	6a223986f1fc9090fbf8fa04adbb9f04c14a4838	-
scripts/dependency-parser-regression.test.mjs	b250259fb732691fb1ca1a4688be54dd6351aac3	-
scripts/eslint-scope.test.mjs	c3c6616c4d8666ccbd6551cf85affc1c1c147f7f	-
scripts/existing-test-mounted-browser.mjs	fb43df64da91c930e1220b34ba695281965c1a33	-
scripts/existing-test-mounted-browser.test.mjs	f81242b36e8c253ee155b5e218c18ca74bfc3d3d	-
scripts/fixtures/dependency-esbuild-regression-child.mjs	e3c999319ff8702a5eb194034b5b8133c41d1bf1	-
scripts/fixtures/dependency-parser-regression-child.mjs	5c870b656d1b64e0879733cca0c3f6da1857b76a	-
scripts/owned-browser-postgres.mjs	9e4782a737b48622ffa8728664857d37a7a818c7	-
scripts/owned-browser-postgres.test.mjs	5c26f227347d978a0a01f68f5c41e04aa1a16de0	-
scripts/production-release-gate.test.mjs	84046212f9116ae093648bd34b9ee7198cb05a1c	-
scripts/security-agent-simulation-browser-proof.mjs	82cf086eacd6b6c972b8cfc579bb99f80c2009fc	-
scripts/security-agent-simulation-browser-proof.test.mjs	2a8e51c26e7b4b8d6727b74788d4547647b898fe	-
workers/redteam-node/comparison-fixture.mjs	3012d9dbb10d52474c684c1bd85d415b331451ba	-
workers/redteam-node/linked.test.mjs	679fb52b55b6a5efb87e520566f9e901e2b17f53	-
docs/operations/backup-restore-rollback.md	396e049c755a09dd03b66df4b2084f80d4494a84	40c21fb3b392c3a5f6e8d1136f0dfb2e4b38251f
docs/operations/observability-and-canaries.md	17e52dc760aeb232557894d8f5c8a72021234943	5121b7015bc65b2cc65f27e10fcde3d77a062c5d
docs/operations/production-deployment.md	0ba70913ce1c43b70904d0bf6803a4ab8859650f	f306d6276912a01b7a8c7729963e927cb1297b8d
docs/product/security-agent-action-readiness.tsv	1986dc5ab38adb404c495df9de25bab13da68a84	76b10ec6779b1bf18ac5e076df9c1f4c03dc2dad
docs/product/ui-api-map.yaml	39578556aa0882d81ff463273e2de79611f8b511	3dd694fb89c0d70faa2cb3502077157a2e9f4e8d
services/platform/internal/testprocess/command_darwin.go	79f9cfe1a99cc6e3fdb136aabf8e782213c4e2f9	a5c03dba4c771b68597fd66a7338cc1a89d6f66f
services/platform/queuedefinition/definitions.go	d0138bd9ac81c5fd91b1a4d1f623753e6d8947e3	07caf78f09d71e5471900047844c137ce2a4909a
services/platform/queuedefinition/definitions_test.go	2fe44e8e2cca7c84cb5bc42d08049649bb6ff05d	7df1e015a235fb0a604a7552d91b42e1a35fe47a
README.md	8fb56ca247d96ad8fa1af324e3faa35eb3af135c	c01b9693f173bb2194ec80552aee3f880f93a599
docs/internal/2026-09-15-staging-batch-audit.md	9a2d72b03f2434c018bf94a2b34ef591ba9d9c1f	-
