path_or_symbol	callers	replacement	domain_invariants_to_keep	retire_after	status
P7 raw69 lifecycle EXECUTE grants	0069_production_temporal_workflow.up.sql grants inspect(jsonb) to executor and compensation, inspect_message(jsonb) to executor, stop(jsonb) to compensation; current product lifecycleQuery uses named captured operations, historical both-nil handles retain raw fallback	Retire exactly four raw EXECUTE edges across three entries after equivalent named operations; preserve ready(text,text), principal_ready(text), schema USAGE and historical migrations; exact three-ACL and fingerprint self-body projection with independent current wrapper pins	Captured stop and inspection after revocation; immutable effects, receipts and replay; Test journal uncertainty must not resend or release debt; current and historical readiness must still reject unexpected catalog drift	Actual reserved/started/unknown Test lifecycle, applied Block cleanup and markers, settled Test and post-cleanup terminal replay; then direct raw-call denial and named success, grant/body/wrapper/saved-row drift controls and historical-profile compatibility	OPEN Sep26; fresh current-worker retirement accepted46496 (237.022s), stable7KoCcj: real Test settlement/no-send retry, named settled inspect/message/stop/replay, all four raw ACL/body denials,17 committed/restored catalog-drift controls and unchanged durable evidence; historical no-worker compatibility accepted33413 (22.28s), both-nil/partial-binding component controls15085; earlier Block cleanup and reserved/started/unknown recovery evidence retained in authoritative ledger; see ordered69-retirement-security2-result.md; exact installed-worker upgrade, paired catalog/data-preservation acceptance and deployed old-binary inventory/drain remain required; no runtime-ready activation or deployed retirement claim
P9 identity scope enumeration versus legacy permission evaluation	80 checked session/PAT SQL, identity profile/post-login, parent workspace/environment reads and proof-scope checks still call public.zasp_identity_admin_effective_scopes; source19 helper computes role permissions even when these consumers only use scope keys	Replace active scope-only callers with membership/direct-and-group scope enumeration that does not evaluate permissions; keep actual OpenFGA decision and transactional revision guards; separately migrate still-live domain permission evaluators	Active Stytch membership, direct and group scope keys, canonical tenant/environment ownership, default/label selection, immediate credential revocation and PAT ceiling; source scopes must not become an allow fallback	P7 full-family authorization parity, P8 acceptance, P9 exact catalog/readiness transition and fresh/upgrade proof	OPEN; Sep25 source audit distinguishes redundant permission computation at scope-only callers from actual domain permission gates; no runtime code retired or permission policy changed
P7 SQL80 registered-source recovery bridge	Checked recovery API ->80 exact operation/scope/resource wrappers ->unchanged source27 enqueue/read functions	Retain proof/readiness bridge until native source/caller replacement; resolve explicit non-enforcing fixture callers before removing legacy Go branches	Current environment manage_identity and fresh/PAT rules for starts; exact native resource view; atomic job/audit/receipt/outbox and replay; restore target/manifest validation; no raw API grants	P7 combined review and audit/export integration,P8 real FGA/API proof,P9 caller/schema replacement audit,P10 real recovery providers	OPEN; local14-test group PASS21.246s proves enqueue/read/fences with controlled Check, no actual backup or restore success
P7 SQL80 registered-source sensor bridge	Checked sensor repository ->80 sensor wrappers ->exact45 source and native15 receipt/effect contracts under current61/79 readiness	Retain current-proof guards and source security until native source/caller replacement; remove legacy Go branches only after explicit non-enforcing fixture and production caller audit	Pre-LIMIT native sensor filtering; pairing anchor and reveal-once; receipt/audit/outbox atomicity; immutable environment-authorized administration history; exact owner/ACL/RLS readiness	P7 combined review and audit export mapping,P8 real FGA/API/browser proof,P9 caller/schema replacement audit	OPEN; local affected group PASS44.297s covers seven operations and registered public audit history; controlled Check, not deployed proof
P7 SQL80 registered-source session bridge	Checked console/runtime session repository ->80 session readers and source-ready helper ->exact41/50 identities and current61/79 readiness	Retain authorization and source-security checks; revalidate compatibility pins when replacing registered61 predecessor chain; remove legacy statement branches only after production callers and explicit historical fixture needs are resolved	Filter native allowed keys before LIMIT/detail/events; canonical FGA mapping separate; live source owner/RLS/ACL and function identity; missing proof denied; historical public guards unchanged	P7 combined review,P8 real FGA/API/browser proof,P9 full caller and schema replacement audit	OPEN; local installed group PASS15.832s includes scope/pagination/event parity and4 rollback drift cases; controlled FGA checker, not deployed proof
P4C78 retained scheduler exclusion chain	Exact repository scheduling operation ->78 retained endpoint -> private75 retained_body and21/22/23/24/33 copies	Remove retained custom scheduler copies after every remaining family and queued legacy run has replacement disposition; preserve historical SQL and current78 source admission	Exclude configured or validated sticky78 finding definitions before LIMIT; grant revocation/edit never restores legacy ownership; historical grant is not current effect authority; preserve genuine unmigrated singleton and queued backlog	P4C78 combined review and native execution,P4D remaining families,P8/P9 caller/backlog equivalence	OPEN; registered scheduler local PASS52.165s verifies migrated skip, unmigrated admission, edit/revoke refusal and legacy backlog claim; native rerun and removal safety remain unverified
P4C78 finding human ownership compatibility	Finding human admission ->78 run_owners plus66 legacy-tagged run_owners and65 command ->78 start/control relays;78 human replay/context validates the exact compatibility rows	Retain exclusive78 Temporal ownership; retire generic-dispatch exclusion copies only through additive caller/backlog migration after replacement proof	66 legacy tag is exclusion metadata, not an executing legacy owner; atomically bind scope/version/digest/request receipt;78 lease guard rejects privileged lease/state writes; preserve historical65/66 rows and replay	P4C78 connected execution and approval,P7 worker authority,P8/P9 caller/backlog equivalence,P10 deployment	OPEN; local human ownership and cancellation rollback/replay checks pass, first connected worker test fails before accepted start; no retirement or production claim
P4C78 effective predecessor projections	78 readiness/configuration/admission uses saved74 helpers,77 source rules and fingerprints,73 shared accounting,74 visibility and76 executor74 fingerprint projection	Keep shared domain accounting and source validation; remove superseded control helpers and compatibility projections only after exact caller/catalog replacement	Saved source/owner/ACL pins and historical migrations stay immutable; unknown usage retains common capacity; no fake74 test provenance; assignment/status/note and deferred control receipts remain atomic	P4C78 combined review,P7,P8/P9 catalog dependency and all-family equivalence	OPEN; live78 changes are not yet independently accepted; source and effect component evidence does not prove connected execution or removal safety
P4C76 human single-test admission compatibility	Actual traced human HTTP/repository routes -> private55/70 request/admission copies ->65 receipt/start ->76 immutable marker ->74 manual65/resource65 takeover and context/context_parent	Temporal execution with exclusive human admission ownership; exact76-pinned projection of74 takeover/context/context_parent/fingerprint and source discriminator; retire obsolete copies only after all caller/backlog equivalence	Human requester and current permission; original IDs/receipts; optional intent binding without old receipt mutation; original live-source replay fence; shared73 capacity; no auto73 provenance; historical and other-family ownership	Remaining P4C event/other families,P7,P8/P9/P10 and all supported callers/backlog	LOCAL CHECKPOINT ACCEPTED Sep24 after independent review;16 forms across grouped evidence, service-independent human execution and revoked-human zero-IO, traced composition, historical capacity and retained periodic proof; all-family/deployed equivalence still open; no retirement or production claim
P4C75 scheduled-test selector and admission ownership	Production selector reconciliation and Schedule Activity -> copied scoped73 admission ->75 atomic marker ->74 takeover; retained selectors and claims coexist for other families	Temporal scoped desired cadence plus service-authorized admission; retire superseded specialized selection and compatibility copies only after all callers and retained backlog are covered	Inactive creator with current service grant; canonical occurrence/shared capacity; immutable configuration revision and73 admission FK; ownership from admission; pinned read-only visibility policy with no tenant or mutation bypass	P7 authorization,P8/P9/P10 plus caller/backlog and all retained-family equivalence	LOCAL CHECKPOINT ACCEPTED Sep24 after independent review; focused fresh update_finding_response periodic select/settle proof subsequently passed locally before and after initial76; all-family equivalence, wakeup churn, performance/in-flight shutdown remain; no retirement or production claim
P4C74 specialized run_test/rerun_test executor	Actual API admission and73 automatic starts ->74 ownership/start relay -> SingleTestWorkflow and product Activities; typed approval/cancel ->74 control relay; native adapter and SQS settlement	Keep Temporal lifecycle and scoped product/effect/receipt authority; retire superseded retained execution paths only after all supported callers and backlog are covered	Canonical run/step/test/invocation; current human/service authority; original73 admission ownership; no resend after unknown effect; actual child and parent settlement; immutable decision replay	Remaining P4C callers and selector,P4D standalone/recovery,P7 authorization,P8/P9/P10	LOCAL CHECKPOINT ACCEPTED Sep24 after fix1 review; both Important fixes addressed; controlled Temporal/PostgreSQL proof, not production availability or full family retirement
P4C74 transition compatibility and shared domain helpers	74 readiness uses saved66 legacy-visible ACL/fingerprint projection;65 cancelled-approval capture and two-definition projection; parent lock/read helpers and effect-mirror policies; retained approval core/read assemblers	Additive retirement of obsolete active privileges and copied control flow after replacement equivalence; preserve still-used domain helpers and all historical SQL/pins	Exact registered roles/catalog identity; scoped cancelled-decision receipt proof; immutable audit/control; no broad fingerprint normalization; no unknown-debt release	P9 caller/catalog dependency audit plus retained backlog and product equivalence	OPEN; explicit transition dependencies, not retired by successful74 tests
P4C74 cleanup continuation and decision replay	SingleTestWorkflow -> SingleTestCleanupWorkflow;74 decide_approval -> exact receipt/control/audit proof and retained immutable decision core	Keep cleanup-only continuation and historical replay; add history-safe pending-result/logging treatment and operator recovery for unavailable/expired execution history	Transient batch exhaustion never proves cleanup; no execution reentry; permanent refusal explicit; original identity/deadline; current actor/API and fresh-auth/receipt checks on replay	P4D history recovery,P8 performance and first-Close,P9 minor logging follow-up,P10 deployed proof	REVIEWED LOCAL FIX1; Minor3 ordinary-pending ERROR logging remains; first shutdown timeout followed by drain/retry is not bounded first-attempt shutdown proof
P4C accepted73 copied schedule/admit adapters and repository schedule redirect	securityAgentCompatibilityDatabase.QueryJSON -> zasp_temporal73 scheduling entry; retained70 admission and other caller families remain installed	Configured Temporal source-selection Schedule and scoped start delivery; retire retained RunOnce selector only after actual caller equivalence	All-owner candidate and INSERT-time per-definition capacity; canonical source/run identity; same-transaction immutable admission/start; scoped audit and duplicate refusal; no early release with unresolved obligations	Remaining P4C trigger integration,P4D family execution,P8 equivalence,P9 retirement	LOCAL CHECKPOINT ACCEPTED; guard/schedule group PASS72.409s; successor74 executor and75 Temporal source-selection Schedule now have locally reviewed connected proof; remaining human/event/other-family cutover, deployment and full P4C proof stay open
P4C73 immutable admissions/commands and capacity_guard	Admission writes retained_single_action owner at capture; global parent INSERT trigger applies to retained and new callers	Keep historical admission and shared accounting; additive successor ownership for lease-free executor must fence retained claims atomically	Never rewrite immutable admission-time ownership; no duplicate logical execution; unknown effects and required cleanup retain capacity; actual invocation/child/parent evidence before settlement	P4C/P4D executor cutover,P8,P9; shared accounting is retained domain logic	KEEP DOMAIN INVARIANT; successor74 specialized executor locally accepted after fix1 review, original73 ownership unchanged; all-family cutover and deployment remain open
P4B accepted local production composition and discovery continuation	buildWorkerRuntimeWithIO -> actual discovery workflows/Activities, scoped72 authority, actual collectors and inventory writers	Retire remaining legacy discovery control flow after backlog recovery and full product equivalence; preserve streaming/projection domain services	Same-source33 installed cases include cold restart after Continue-As-New256,267 pages,shipped runtime and same-ID tenant isolation; original timed-out command remains failed evidence	P4D uncertain preparation recovery,P8 broad verification,P9 retirement,P10 deployed providers	LOCAL INTEGRATION ACCEPTED; controlled provider evidence only; no global retirement or deployed availability promotion
P4B fix1 retained bulk13 and exact fingerprint13/identity60 handoff	DiscoveryExecutionRepository.ClaimDiscoveryJobs -> public.zasp_execution_claim_jobs; predecessor13 fingerprint -> public.zasp_execution_live_fingerprint; schedule60 identity -> public.zasp_discovery_schedule_replay_function_identity	Remove retained discovery bulk entry and its exact compatibility projections through additive P9 retirement after backlog disposition; do not change old10 runtime authority	Shared organization quota and scoped resource ownership; eligibility before LIMIT; atomic mutation recheck; exact saved originals; live owner/ACL drift detection; independent72 replacement pins; no broad catalog normalization	P4B fix1 independent review,P4D unresolved recovery,P8 equivalence,P9 retirement	OPEN; original historical SQL and pins remain immutable; copied bulk control flow is temporary
P4B fix1 retained_dispatches and typed retained claim/apply wrappers	DiscoveryExecutionRepository.ClaimDiscoveryDelivery -> zasp_temporal72.claim_retained_delivery; old job_input generation INSERT -> reservation_guard; ApplyCompleteSnapshot -> apply_retained_snapshot; retained claim/finish -> retained_claim_guard	Remove legacy claim/input/apply control flow and legacy active_owners branch after verified backlog resolution; archive immutable dispatch/apply evidence under retention policy, never erase uncertainty to enable resend	Full tenant/job/attempt/generation/snapshot/checkpoint/token-digest binding; repeated preparation refuses; exact safe completion before next attempt; immutable raw apply digest and normalized candidate replay; shared cap; pending pre72 preparation quarantined; absent72 differs from invalid72; no raw lease tokens in receipt evidence	P4B fix1 independent review,P4D recovery/readback,P8 equivalence,P9 retirement	OPEN; direct obsolete old delivery may23502 rollback under contention; supported72 wrapper is mandatory; pre72 unresolved generations require evidence-backed recovery, not lease expiry
P4B fix1 connector-owned relationship normalization	72 record_page complete candidate; typed retained apply wrapper -> zasp_temporal72.normalize_relationships -> existing public.zasp_discovery_relationship_id	Keep shared domain normalization when retiring retained wrapper; preserve persisted candidate identities and snapshot projection inputs	Validate raw IDs/schema before normalization; shared entity IDs unchanged; existing scoped edge IDs including removed rows retained; new edges integration-scoped; collisions denied; exact persisted replay independent of later inventory; connector-local removal	Retained wrapper P9 only; domain normalization remains	KEEP DOMAIN LOGIC; local controlled-provider/installed SQL evidence is not deployed provider proof
P4B temporary72 legacy delivery routing and retained_principal_ready	zasp_temporal72.delivery_route; retained discovery/projection repository constructors; shipped discovery consumer integration in progress	Remove legacy discovery execution branch after backlog disposition and equivalent Temporal product behavior; preserve risk/graph/search projection authority without reviving legacy discovery orchestration	Positive persisted ownership and canonical tenant envelope; ambiguous ownership denied; present-invalid72 never falls back; exact registered role; projection roles gain no page/effect authority	P4B integration,P8 equivalence,P9 retirement	OPEN; local coexistence group PASS75.389s is not permanent dual-orchestration approval or shipped runtime proof
P4A stage: orchestration/schedules.go and discovery_workflow.go	No production caller in P4A; production_runtime.go workerModeScheduler still constructs schedulerProcessor and workerModeDiscovery still constructs discoveryProcessor	P4B must compose DiscoveryScheduleReconciler with actual serialized desired-state SQL; register DiscoveryScheduledWorkflow/DiscoveryWorkflow and real DiscoveryProduct Activities through buildWorkerRuntimeWithIO; installed migration and CLI required	Canonical scope+schedule+integration+exact due time; schedule service principal survives creator session; ALLOW_ALL admission with scoped provider serialization; one-cadence catch-up wakeup; atomically admit persisted oldest overdue once then advance to next future cadence; durable outbox is sole collection start route; no fresh effects after disable/revoke; partial remains incomplete	P4B actual full-entrypoint sync and P8/P9	P4A component only; automatic discovery cutover OPEN
P4B discovery persistence and delivery	execution_runtime.go discoveryProcessor.process/collectWithHeartbeat/finishPartial/finishComplete; DiscoveryExecutionRepository claim/input/checkpoint/apply/finish; productionLiveDiscoveryCollectorFactory	Extract scoped non-lease Activity operations; preserve actual AWS/Kubernetes/GitHub/Okta collectors and inventory writers; atomic product admission plus duplicate-safe Temporal start; retained SQS is transport only	Real repeated-page inventory deduplication; SQL provider/cursor/version/manifest binding; complete-only snapshot; continuation checkpoint/generation survives process restart; no credentials/configuration/body in workflow history	P4B,P8,P9	OPEN; no P4A SQL/collector/queue/composition changes and no old lease Activity wrapper
P4C trigger and scheduled-existing-test admission	PostgresRepository.RunSecurityAgent; securityAgentProcessor.RunOnce -> ScheduleSecurityAgentTriggers; existing-test schedule facade; finding/attack-path planning SQL; public ordered approval/cancel adapters; response-webhook acceptance/settlement	Route manual, periodic, finding/event, webhook, attack-path and approved actions through common scoped admission/commands, using Temporal Schedules for periodic source selection; preserve specialized transport and P3 routes	Exact source/due identity; SQL current authority; shared existing-test per-definition capacity across all owners; budgets and one-shot provider intents; no resurrection of public55 or63/64	P4C real entrypoint/SQL tests before P8/P9	OPEN; representative manual run_test and P4A schedule mapping are not all-trigger proof
P4D policy-deployment family	production_runtime.go workerModePolicyDeployment -> composePolicyDeploymentWorkerRuntime -> policyDeploymentProcessor.RunOnce/process/apply; PolicyDeploymentRepository claim/heartbeat/store/read/finish	Temporal deployment workflow with extracted signed-envelope executor and scoped receipts; no independent lease engine is a final requirement; old processor retained only until authority/executor/readiness replacement	M6-18 tenant/device/sequence/signature/readback fences; temporary-control expiry; storage receipt must not fabricate gateway acknowledgement; current signing key authority	P4D downstream signed rollout/cleanup proof,P8,P9	OPEN; concrete missing non-lease SQL, workflow registration, gateway terminal receipt and replacement readiness
P4D red-team/test family	production_runtime.go workerModeRedTeam -> composeRedTeamWorkerRuntime; workerModeTestReconciler -> composeExistingTestRuntime; red_team_execution_runtime.go; existingTestClient.ReconcileOne; red-team-outbox	Temporal test lifecycle and linked-parent settlement Activities; retain SQS test execution transport and actual Promptfoo/HTTPS adapter; preserve installed71 legacy_single_test/retained_ordered classifier	M5-13 duplicate delivery one invocation; pinned definition/credential/safety/budget; immutable artifacts; no unknown-outcome resend; capacity across owners	P4C capacity,P4D standalone/linked terminal proof,P8,P9	OPEN beyond P3C representative run_test; standalone startup/execution and full test reconciliation migration required
P4D Attack Lab family	production_runtime.go workerModeAttackLabController/workerModeAttackLabReconciler/workerModeAttackLabOutbox; attackLabProcessor; composeAttackLabLinkRuntime	Temporal sandbox lifecycle and cleanup/parent settlement; retain Fargate task executor, scoped proxy and required SQS command transport; replace custom durable claim/heartbeat ordering	Isolated credentials/egress; exact task/canary evidence; cancel/timeout TTL termination; ambiguity retains unresolved state; verify actual downstream terminal receipts	P4D,P8,P9,P10	OPEN; installed constructors, task lifecycle/reconciliation and actual parent settlement not proved by run_test
P4D audit/compliance/Security Agent export family	production_runtime.go audit-export/audit-export-outbox/compliance-export/compliance-cleanup; auditExportExecutor.Execute; complianceExportProcessor.RunOnce/process; securityAgentProcessor.reconcileExportSettlements	Temporal export capture/chunk/manifest and TTL cleanup workflows; retain artifact/object store executors, downloads, policy and scoped product state; replace durable leases and parent settlement loops	M2-41/42 M7-12/13/14/19 M7A-23 redaction, tenant-bound signed download, budgets, artifact readback and truthful parent settlement; actual INSERT/UPDATE trigger and RLS authority	P4D exports and cleanup proof,P7,P8,P9,P10	OPEN; audit_export_jobs policy trigger still reaches obsolete public55; NewAuditExportRepository and action repository readiness require actual additive cutover
P4D operator/recovery and failed cleanup	production_runtime.go workerModeRecovery/workerModeRecoveryOutbox -> recoveryBackupProcessor and recoveryOutboxProcessor; cmd/agentsecctl/recovery_client.go; P3 disconnected cleanup exhaustion	Temporal recovery/compensation workflow using retained restricted backup/restore executors and audited operator CLI; retained SQS backup/restore transport; SQL authoritative pending/unknown receipts drive recovery when history is expired/unavailable	No privileged login bypass/reset; exact tenant and retained artifacts; no ordinary provider resend for unknown effect; verified cleanup and immutable settlement precede terminal state	P4D reviewed recovery route,P8,P9,P10 deployed operator procedure	OPEN; command acknowledgement alone is not cleanup; absent/expired Temporal history needs real operator/product recovery acceptance
P4D legacy single-action and installed70/71 coexistence	production_runtime.go security-agent/security-agent-action; securityAgentProcessor; securityAgentActionProcessor; installedLegacyPricedPlanner; compatibility70 and legacy-tests71 classifiers/claims/reconciliation	Complete each manual/action family through Temporal common admission and extracted executors; retain compatibility roots/roles/classifier until equivalent terminal product assertions pass; P9 additive retirement of active copied control flow	Exact body/scope/credential/account/policy/token price binding; unknown-price no-send; current revoke; one-shot dispatch and actual-usage settlement; installed-authority refusal has no legacy fallback	P4D,P7,P8,P9	OPEN; constructors and a single run_test receipt do not prove remediation/export/Attack Lab or all manual actions
P4 retained event/queue transport and projections	outboxQueueAuthority in runtime_config.go selects discovery-jobs/runtime-events/red-team-tests/attack-lab-jobs/recovery-backup-jobs/recovery-restore-jobs; original queuedefinition background/runtime-events/tests; production runtime coordinator/archive/index/correlation/projection/complete and risk/search/graph	Retain required SQS/DLQ/envelopes, event stream, backpressure, ACK-last and storage/search/graph executors; small SQL-to-Temporal relay only replaces durable product-job ordering	M0-06 M1-13 M1-33 M1-41 M1A-04 M3-43 M3-52d M5-13 M7A-50 M8-03 M8-17c M8-34 M8-59a3; original queues remain separate from specialized queues; provider delivery is not permission to retain custom workflow scheduler	P4B/P4D caller-by-caller transport decisions; P9/P10	Retained outside durable-workflow replacement; no queue deletion or readiness/helper removal in P4A; full original-task mapping in p4-report
services/platform/agentsec-worker/policy_deployment_runtime.go; services/platform/apiserver/policy_deployment_repository.go	production_runtime.go workerModePolicyDeployment -> composePolicyDeploymentWorkerRuntime -> policyDeploymentProcessor.RunOnce/process/apply -> ClaimPolicyDeployments/HeartbeatPolicyDeployment/StorePolicyDeployment/ReadPolicyDeployment/FinishPolicyDeployment -> zasp_policy_deployment_claim/heartbeat/store/read/finish; NewPolicyDeploymentRepository pins ProductionPolicyDeployment checksum/semantic fingerprint and checks execution_readiness plus principal_ready; migration 0028 grants these facades to zasp_policy_deployment_worker and chains security/readiness to recovery authority; agentsec-migrate registers its principal; staging workloads/values supply policyDeployment replica, service account, DB principal/DSN and signing secrets	P4 decide whether Temporal Activities replace this separate durable lease processor or retain the policy-deployment engine with a concrete reason; reuse the signed gateway-policy executor and transactional authority; P9 additive grant/readiness cutover only if replaced	M6-18 signed rollout; canonical tenant/environment/device binding; desired-generation and sequence fences; credential/version checks; temporary-control expiry; stable signed envelope, digest and verified readback; storage completion must not fabricate gateway acknowledgement or enforcement; retain last-valid runtime policy and product receipts	P4 documented retain-or-replace decision; P3/P8 equivalent signed rollout and temporary-control cleanup evidence; P9 no dual ownership, zero remaining legacy callers or outstanding deployment work before disabling processor/revoking privileges; preserve applied 0028 and successor readiness/fingerprint history	active separate policy-deployment family; retain executor and worker privileges until reviewed replacement or explicit retained-engine decision
services/platform/agentsec-worker/security_agent_scheduler64.go: orderedScheduleRepository	claim/ready/heartbeat/finish/abandon -> query -> zasp_ordered_scheduler64.scheduler; scheduler unit tests and apiserver PostgreSQL tests; no production constructor/caller found at checkpoint	P3 orchestration.SecurityAgentWorkflow plus scoped Activities; P9 remove unused selector adapter	Tenant/run identity; immutable effect binding; retained pricing for post-admission cleanup; conservative uncertain effects; lock order across retained SQL	P3,P8,P9; only after replacement product evidence and zero active callers	superseded; retained; scoped fix re-review interrupted
services/platform/agentsec-worker/security_agent_worker63.go: orderedDispatchRepository	claim/heartbeat/finish/abandon/ready -> query -> zasp_ordered_worker63.worker; test consumers; composeSecurityAgentWorkerRuntime still constructs legacy newSecurityAgentProcessor	P2 scoped SQL-to-Temporal admission outbox and P3 workflow start	Server-derived tenant/run; exact input digest; immutable provider intent; budgets; no automatic resend of uncertain provider work	P2,P3,P8,P9	superseded; reviewed historical component retained
services/platform/agentsec-worker/security_agent_worker63.go: dispatchDecode/validDispatchWorker/validDispatchVersion/validDispatchPlanner	Both worker63 and scheduler64 call these helpers; scheduler64 also uses multisteppricing.ValidLookupIdentity	Remove lease-only validators with both adapters; reuse strict decoding or principal/pricing validation only if new Activities need it	Closed response fields; canonical identity; immutable pricing binding; never delete shared decoder while scheduler64 still calls it	P3,P9; caller search and compile	shared between obsolete adapters; not scheduler64-only
services/platform/agentsec-worker/security_agent_release61_loop.go: Run/runRelease61Ticks	securityAgentRelease61Runtime.Run -> runRelease61Ticks -> Tick; loop/command tests; no production global ordered composition	P3 SDK workflow control flow and timers	Ordered predecessor receipts; approval wait; cancellation and mandatory cleanup; bounded retries for classified errors	P3,P8,P9	superseded polling; retain until Activities work
services/platform/agentsec-worker/security_agent_release61_runtime.go: Tick/read/applicationTick/preflight	runRelease61Ticks; apiserver NewSecurityAgentRelease61Composition; planning SQL; multistep application/deployment/test/cleanup repositories	P3 extract planning/provider/signing/test executors into Activities; remove tick/lease ownership protocol	No provider I/O in workflow code; current authorization before effects; admitted pricing not replaced by current planner credentials; typed receipts and narrow compensation	P3,P7,P8,P9	mixed domain/control flow; operation-by-operation extraction
services/platform/apiserver/security_agent_release61_composition.go: NewSecurityAgentRelease61Composition	worker release61 composition/test adapters and TestSecurityAgentRelease61CompositionPostgres; constructor requires valid Keys	P3 real API/worker/Activities dependency composition; P8 actual receipt read path	Keep valid signing keys and fail-closed dependency checks; fix missing-Keys fixture at new composition boundary, not by weakening validation	P3,P8	product fixture failure carried forward; not waived
services/platform/apiserver/security_agent_release61_state.go: orchestration_state query	release61 runtime read; SQL scheduler64.inspect also calls zasp_sa_multistep_prior.orchestration_state	P3 scoped product status/receipt reads without scheduler lease tokens	Consistent run/version/receipt/cleanup projection; SQL mutation guards remain separate from workflow ordering	P3,P8,P9; both Go and SQL consumers migrated	mixed read model; retain receipts
services/platform/migrations/sql/0064_production_security_agent_scheduler.up.sql: scheduler/claim/mutate/inspect	orderedScheduleRepository.query; claim/inspect -> orchestration_state; ready -> worker63.ready/public62.ready/release61 readiness; scheduler locks all three registration tables	P9 additive retirement migration revokes scheduler facade access after P3 replacement	Historical schedule rows and bindings; pending cleanup; organization lock ordering; no destructive reseed	P3,P8,P9; confirm no in-flight work/cleanup first	historical bytes retained; active privileges retirement candidate
services/platform/migrations/sql/0064_production_security_agent_scheduler.up.sql: GRANT USAGE/EXECUTE	zasp_security_agent_worker has schema USAGE and EXECUTE scheduler(text,text,jsonb); internal helper functions not directly exposed	P9 additive REVOKE with explicit activity-role grants	No PUBLIC/API access to worker selection; new Activities retain narrow transactional privileges	P7,P8,P9	retain until replacement callers switch
services/platform/migrations/sql/0063_production_security_agent_worker.up.sql: worker/dispatch_leases/ready	orderedDispatchRepository.query; scheduler64.ready/claim references worker63 readiness and ordered-worker63-dispatch serialization; registration and PostgreSQL tests	P2 start boundary and P3 workflow; P9 additive facade privilege retirement	Historical dispatch evidence; no resend after ambiguous provider intent; no live legacy selector competing with Temporal	P2,P3,P8,P9	historical bytes retained; active control flow superseded
services/platform/migrations/production_security_agent_scheduler.go; production_security_agent_worker.go	Runner Up/Down methods and Go adapters consume checksums/fingerprints; wrappers bind public62/release61/worker63 pins; PostgreSQL registration tests call Runner	P9 additive readiness/registration transition and supported fresh/upgrade route	Do not rewrite applied SQL or pin history; stored registration/fingerprint/readiness and Go source agree	P1,P9; fresh install plus supported upgrade	keep historical wrappers; replace active readiness dependencies deliberately
services/platform/migrations/sql/0061_production_security_agent_multistep.*.sql	production_security_agent_multistep.go compiles fragments; release61 repositories and worker call facades; public62/worker63/scheduler64 depend on exact readiness	P3 scoped Activity operations; P9 additive retirement of lease/control-flow entry points only	RLS; admission; approvals; budgets; provider intent; receipts; saved predecessor definitions/ACLs; rollback refuses retained evidence	P3,P7,P8,P9	historical files immutable; not a blanket deletion target
services/platform/apiserver/security_agent_multistep_admission_repository.go; progression_repository.go	Admission facade zasp_sa_multistep_prior.admit; progression repository -> transition; release61 runtime/public decisions consume authority	P2 transactional admission plus outbox; P3 receipt-aware workflow branching with transactional validation	Atomic plan/step/approval/audit/budget commit; stale version denial; approval created only for ready successor; no parent reopen	P2,P3,P7,P9	retain domain rules; replace scheduler-dependent interfaces
services/platform/apiserver/security_agent_multistep_application_repository.go; deployment_repository.go; cleanup_deployment_repository.go	release61 applicationTick -> application/deployment/cleanup_deployment SQL; SQL deployment verification and product gateway receipts	P3 thin effect reservation/application/receipt Activities	Exact scoped target/version/signature; stable business effect key; confirmed application; no duplicate side effect after timeout	P3,P7,P8,P9	extract/reuse; no delete-by-prefix
services/platform/apiserver/security_agent_multistep_test_repository.go; test_artifact_repository.go; test_settlement_repository.go; test_uncertainty_repository.go	release61 test runner -> test_action/test_dispatch/test_settle/test_uncertain; redteamadapter/release61_composition.go	P3 existing-test Activities; P4 red-team family routing	Pinned test/credential/safety/evaluation identity; immutable input/output artifacts; one invocation; unknown outcomes stay unresolved	P3,P4,P8,P9	retain executor and settlement safety
services/platform/apiserver/security_agent_multistep_cleanup_repository.go; sql/0061_production_security_agent_multistep.cleanup.sql	release61 cleanup runtime -> cleanup facade; orchestration_cleanup and cleanup_deployment share cleanup receipts	P3 disconnected-context cleanup Activities under narrow compensation authority	Required TTL cleanup after cancel/revoke/failure; remediated only after cleanup receipt; idempotent budget release; no cross-scope cleanup	P3,P7,P8,P9	retain compensation/domain records
services/platform/internal/multisteppricing/repository.go; sql/0061_production_security_agent_multistep.pricing.sql	worker63/scheduler64 pricing validation; release61 planner; pricing_ready/pricing_admin/pricing_lookup facades	P3 reuse product pricing/account authority in Activities	Immutable admitted price/account/request limits; provider usage accounting; new planning denied after disable, old cleanup not stranded	P3,P9 only for genuinely unused scheduler helpers	shared domain helper retained
services/platform/agentsec-worker/security_agent_runtime.go; security_agent_action_runtime.go; production_runtime.go	composeWorkerRuntime security-agent -> composeSecurityAgentWorkerRuntime -> newSecurityAgentProcessor; security-agent-action -> action composition; runWorkerPollingLoop	P2/P3 common admission and Activities; P4 route remaining single-action families; P9 disable migrated selectors	Legacy export/existing-test/Attack-Lab/webhook behavior; no dual execution; provider-specific idempotency/reconciliation; audit and current permission checks	P3,P4,P7,P8,P9	active legacy callers; migrate before selector retirement
services/platform/agentsec-worker/scheduler_runtime.go: schedulerProcessor/nextScheduledRun/scheduledRequest	composeWorkerRuntime(workerModeScheduler) -> newSchedulerProcessor -> ClaimSchedules/ScheduledSync/CompleteSchedule; discovery_execution_repository.go	P4 Temporal Schedules and desired-state reconciliation	Stable per-integration tenant identity, disable semantics, overlap/catch-up, cadence/freshness, connector revoke and exact due-time identity	P4,P8,P9	active discovery scheduling replacement candidate
services/platform/agentsec-worker/scheduler_runtime.go: executionScope; production_runtime.go: newWorkerLeaseToken/minDuration/maxDuration/readiness	executionScope reference search currently scheduler only; worker runtime helpers used by multiple production processors including retained streaming/projection modes	Reuse canonical scope validation where needed; remove scheduler-only helpers only after call search	Shared product validators/readiness must not vanish with a single loop; keep remaining runtime worker behavior	P4,P9; references plus compile	split scheduler-local from shared runtime utilities
services/platform/apiserver/discovery_execution_repository.go: schedule and job operations	scheduler_runtime.go -> zasp_execution_claim_schedules/schedule_input/heartbeat_schedule/request_scheduled_sync/complete_schedule; discovery_composition and collectors -> job/checkpoint/finish functions	P4 schedule registration plus collection/checkpoint Activities; P9 retire only moved durable leases	Tenant cursor and collection binding, bounded page resume, repeated-page deduplication, scoped inventory writes, no provider capability fabrication	P4,P8,P9	mixed scheduling and domain persistence
services/platform/agentsec-worker/discovery_queue.go; discovery_cloud.go; outbox_production.go; queuedefinition/definitions.go	production discovery composition, discovery outbox publisher and SQS consumers; runtime/red-team/Attack-Lab/recovery outbox modes share production runtime	P4 document retained SQS/event uses and move only replaced job orchestration; P2 small SQL-to-Temporal relay	M0-06 M1-13 M1-33 M1-41 M1A-04 M3-43 M3-52d M5-13 M7A-50 M8-03 M8-17c M8-34 M8-59a3: scoped queues/DLQ, bounded buffering and retention remain	P4,P9; every queue consumer accounted for	retain required queues; not automatic deletion
services/platform/agentsec-worker/red_team_execution_runtime.go; red_team_production.go; test_reconciler*.go	composeWorkerRuntime workerModeRedTeam/workerModeTestReconciler; red-team outbox; apiserver red_team_execution_repository.go; existing-test Activities	P4 migrate durable test control flow or retain explicitly named SQS execution transport with P3 Activity adapter	Promptfoo safety preflight; immutable invocation/evidence; cancellation, settlement and no duplicate provider action	P3,P4,P8,P9	P4 family decision required before retirement; active engine retained
services/platform/agentsec-worker/attack_lab*.go; apiserver/attack_lab*.go	composeWorkerRuntime workerModeAttackLabController/workerModeAttackLabReconciler/workerModeAttackLabOutbox; Fargate provider and scoped proxy	P4 workflow orchestration with existing Fargate executors; retain provider controller where still required	Sandbox isolation, bounded egress, separate credentials, canary verdict and cleanup after cancellation	P4,P8,P9,P10	active provider engine retained pending P4 routing
services/platform/agentsec-worker/audit_export_runtime.go; compliance_export_runtime.go; security_agent_export_dispatch_runtime.go; security_agent_export_settlement_runtime.go	composeWorkerRuntime audit-export/audit-export-outbox/compliance-export/compliance-cleanup; Security Agent planner/action export dispatch and settlement; API download routes	P4 export workflow family plus existing artifact executor; P7 scoped export authorization	M2-41/42 M7-12/13/14/19 M7A-23: durable artifact state, signed tenant-bound download, redaction, TTL cleanup, truthful failure/unknown states	P4,P7,P8,P9,P10	active export engine retained; OSS startup is not M7A-23 acceptance
services/platform/agentsec-worker/recovery_runtime.go; recovery_outbox_runtime.go; cmd/agentsecctl/recovery_client.go	composeRecoveryWorkerRuntime/composeRecoveryOutboxWorkerRuntime; operator CLI recovery/preflight/diagnostics; apiserver recovery authority	P4 recovery-family routing; P10 operations procedures and new dependency backups	Audited restricted recovery, retained artifact references, no bypass login, supported restore and no shared database reset	P4,P8,P9,P10	retain operator/product recovery; decide engine at P4
services/platform/agentsec-worker/production_runtime.go: runtime/projection worker modes	RuntimeCoordinator, Archive, Index, Correlation, Projection, Complete; ProjectionRisk/Search/Graph; event-ingest and SQS publishers	Existing streaming/projection pipeline; no Temporal replacement assumed	Batched Organization-scoped events, bounded backpressure, S3 archive, OpenSearch and graph freshness; OPA unaffected	not retired by this amendment; recheck shared helper changes in P9	retain; outside durable product-workflow cutover
services/platform/agentsec-migrate/main.go; bootstrap_release.go	Current command dispatch includes up-temporal-outbox/ownership/domain/executor/workflow/compatibility/legacy-tests/discovery/admission plus registered-role and readiness checks	Preserve supported additive migration CLI and exact release registration through later successors; obsolete63/64 routes are not the target architecture	Actual command dispatch must install required schema and narrow roles; Runner-only tests are insufficient; accepted SQL remains immutable	P9 command retirement,P10 deployed installation	LOCAL dispatcher coverage exists through73; P4C CLI PASS27.682s on unchanged source; deployed migration proof still required; supersedes P0 CLI absence observation
deploy/staging/product/values.yaml; templates/workloads.yaml; templates/migration.yaml; templates/resilience.yaml	Discovery scheduler deployment, security-agent/action/policy workers, DB principal registration, secret classes, HPA/PDB/network rules; ordered global runtime not enabled	P1 new private Temporal/FGA runtime configuration; P9 remove only obsolete workers/flags after actual cutover; P10 rollout	Keep remaining worker credentials/queues, readiness, storage/backup ownership, isolated databases, release and rollback gates	P1,P8,P9,P10	existing deployment retained; no manifest change in P0
services/platform/apiserver/repository.go: Authenticate/CreateSession/SwitchScope/ResolveIdentity SQL	production middleware uses RequestIdentity.Permissions; SQL zasp_effective_scope_permissions and zasp_identity_admin_effective_scopes/resolved sessions; token path intersects stored/current authority	P5 mapping, P6 desired/applied revision, P7 live FGA checks plus transactional fence	Stytch identity, active membership, PAT intersection, immediate SQL revocation, CSRF/fresh-auth, server-owned resource scope, RLS	P5,P6,P7,P8,P9	replace active permission evaluation; retain sessions/grant data
services/platform/apiserver/middleware.go; router.go; production.go: capabilitiesForPermissions/serverOwnedRoles	actual operation permission enforcement and current-principal capability response; UI APIProvider consumes capabilities; handlers/list/export paths	P7 same active FGA decision policy for API/worker/UI capabilities	No old allow fallback; scope counts/cursors before response; exact original roles resolved against PRD; dependency failure denied	P7,P8,P9	active permission maps retirement candidate after parity
services/platform/identity/authorization.go; roles.go	authorization constructor references confined to identity package tests at inspected checkpoint; production.go has separate role metadata/evaluation	P5 original role/model examples; P7 production integration; remove obsolete evaluator only after reference proof	Role metadata and permission names may remain; testing this package alone cannot establish production FGA use	P5,P7,P9	secondary evaluator; not the primary production seam
services/platform/apiserver/identity_administration_repository.go: ReconcileStytchWebhook and grant/provider mutation SQL	Stytch webhook handler -> zasp_identity_admin_reconcile_deprovision; reserve/complete identity mutations; group mapping/bootstrap writes feed source grants	P6 durable desired-state tuple synchronization, authoritative provider reconciliation and revision outbox	scim.member.delete support is not full provider sync; immediate membership/session/PAT deactivation; reordered events never restore revoked member; no DB transaction over FGA RPC	P6,P7,P8,P10	retain identity provider/domain writes; amend projection
services/platform/apiserver/security_agent_public62*.go; migrations/sql/0062_production_security_agent_public.*.sql; app/features/securityagents	default-false ordered HTTP composition, public facade and UI decoders consume ordered projections; worker63/scheduler64 readiness chains reference public62	P3/P8 preserve published ordered API/receipt/cancel contract on Temporal projections; P9 additive readiness cutover	Legacy/specialized compatibility, tenant-safe lists, approval version/receipt binding, cleanup-pending state, conservative cancellation and reload	P3,P7,P8,P9	retain product contract; change backend implementation only
services/platform/agentsec-worker/*scheduler64*_test.go; *worker63*_test.go; apiserver/security_agent_scheduler64*_test.go; security_agent_worker63*_test.go	component suites, migration/registration tests, frozen scheduler/worker reports; source and SQL fingerprints are historical evidence	P3/P4 product workflow/adaptor tests plus P7 authorization tests; P9 remove only obsolete lease-engine assertions	Keep tenant isolation, provider intent, budget, approval, receipt, cancellation, cleanup, no-dual-execution and retained SQL lock-order assertions	P3,P4,P7,P8,P9; replacement assertions first	obsolete harness candidates; no vendor conformance replacement
scripts/production-combined-e2e.mjs; apiserver/security_agent_release61_composition_postgres_test.go	combined production harness currently stops at release48 per retained acceptance report; release61 fixture lacks Keys; ordered browser startup lacks Stytch/signing/DB/KMS configuration	P8 actual API -> Temporal worker -> receipts -> UI batch; P10 real Stytch/provider/deployed proof	No production auth bypass or fixture success authority; original second-tenant/reload/cancel/cleanup proof remains open	P3,P8,P10	acceptance gap retained; not a retirement waiver
