id	owning_production_task
M0-01	T02-discovery-authority
M0-02	T11-identity-admin
M0-03	T11-identity-admin
M0-04	T02-discovery-authority
M0-05	T02-discovery-authority
M0-06	T04-discovery-worker
M0-07	T04-discovery-worker
M0-08	T04-discovery-worker
M0-09	EXT-live-aws
M0-10	T04-discovery-worker
M0-11	T03-launch-connectors
M0-12	T06-runtime-data-plane
M0-13	T06-runtime-data-plane
M0-14a	T03-launch-connectors
M0-14b	T03-launch-connectors
M0-14c	T03-launch-connectors
M0-14	T03-launch-connectors
M0-15	T03-launch-connectors
M0-16	T12-red-team
M0-17	T06-runtime-data-plane
M0-18	EXT-live-fargate
M0-19	EXT-live-fargate
M0-20	T14-data-workflows
M0-21	T14-data-workflows
M0-21a	T07-security-agent-authority
M0-22	T14-data-workflows
M0-23	T02-discovery-authority
M1-01d	PROD-current-composition
M1-01e	T04-discovery-worker
M1-01f	T06-runtime-data-plane
M1-01a	T06-runtime-data-plane
M1-01b	T04-discovery-worker
M1-01c	T10-product-ui
M1-01	T02-discovery-authority
M1-02	PROD-current-composition
M1-03	PROD-current-composition
M1-04	PROD-current-composition
M1-05	PROD-current-composition
M1-06	PROD-current-composition
M1-07	PROD-current-composition
M1-08	PROD-current-composition
M1-09	PROD-current-composition
M1-10	PROD-current-composition
M1-11	T02-discovery-authority
M1-12	T04-discovery-worker
M1-13	T04-discovery-worker
M1-14	T04-discovery-worker
M1-15	T04-discovery-worker
M1-16	T04-discovery-worker
M1-17	PROD-current-composition
M1-18	PROD-current-composition
M1-19	PROD-current-composition
M1-20	PROD-current-composition
M1-21	PROD-current-composition
M1-22	T04-discovery-worker
M1-23	PROD-current-composition
M1-24	PROD-current-composition
M1-25	PROD-current-composition
M1-26	PROD-current-composition
M1-27	PROD-current-composition
M1-28a	PROD-current-composition
M1-28b	PROD-current-composition
M1-28c	T06-runtime-data-plane
M1-28d	T06-runtime-data-plane
M1-28	PROD-current-composition
M1-29	PROD-current-composition
M1-30a	T04-discovery-worker
M1-30b	T04-discovery-worker
M1-30c	T04-discovery-worker
M1-30d	T04-discovery-worker
M1-30	T04-discovery-worker
M1-31	T04-discovery-worker
M1-32	T04-discovery-worker
M1-33	T04-discovery-worker
M1-34	T04-discovery-worker
M1-35	PROD-current-composition
M1-36a	PROD-current-composition
M1-36b	PROD-current-composition
M1-36c	PROD-current-composition
M1-36d	PROD-current-composition
M1-36e	T04-discovery-worker
M1-37	PROD-current-composition
M1-38	PROD-current-composition
M1-39	PROD-current-composition
M1-40	PROD-current-composition
M1-41	PROD-current-composition
M1-42	PROD-current-composition
M1-43	PROD-current-composition
M1-44	PROD-current-composition
M1-45a	PROD-current-composition
M1-45b	PROD-current-composition
M1-45c	PROD-current-composition
M1-45d	PROD-current-composition
M1-45	PROD-current-composition
M1-36	PROD-current-composition
M1A-01	T15-deployment
M1A-02	T15-deployment
M1A-03	T15-deployment
M1A-04	T15-deployment
M1A-05	T15-deployment
M1A-06	T15-deployment
M1A-07	EXT-cloud-deploy
M1A-08	EXT-cloud-deploy
M1A-09	EXT-cloud-deploy
M1A-10	EXT-cloud-deploy
M2-01	PROD-current-composition
M2-02	PROD-current-composition
M2-02a	PROD-current-composition
M2-03	PROD-current-composition
M2-04	PROD-current-composition
M2-05a	PROD-current-composition
M2-05b	PROD-current-composition
M2-05	PROD-current-composition
M2-06	PROD-current-composition
M2-07	PROD-current-composition
M2-07a	PROD-current-composition
M2-07b	PROD-current-composition
M2-07c	PROD-current-composition
M2-07d	PROD-current-composition
M2-08	PROD-current-composition
M2-09	PROD-current-composition
M2-10	PROD-current-composition
M2-11	PROD-current-composition
M2-12	PROD-current-composition
M2-13	PROD-current-composition
M2-14	PROD-current-composition
M2-15	PROD-current-composition
M2-16	PROD-current-composition
M2-17	PROD-current-composition
M2-18	PROD-current-composition
M2-19	PROD-current-composition
M2-20	T11-identity-admin
M2-21	T11-identity-admin
M2-22	T11-identity-admin
M2-23	T11-identity-admin
M2-24	T11-identity-admin
M2-25	T11-identity-admin
M2-26	T11-identity-admin
M2-27	T11-identity-admin
M2-28	T11-identity-admin
M2-29	T11-identity-admin
M2-30	T11-identity-admin
M2-31	T11-identity-admin
M2-32	T11-identity-admin
M2-33	T11-identity-admin
M2-34	PROD-current-composition
M2-35	PROD-current-composition
M2-36	PROD-current-composition
M2-37	PROD-current-composition
M2-38	PROD-current-composition
M2-39a	PROD-current-composition
M2-39b	PROD-current-composition
M2-39	PROD-current-composition
M2-40	PROD-current-composition
M2-41	T11-identity-admin
M2-42	T11-identity-admin
M2-43a	PROD-current-composition
M2-43b	PROD-current-composition
M2-43c	T11-identity-admin
M2-43d	T11-identity-admin
M2-43e	T11-identity-admin
M2-43	PROD-current-composition
M2-44	PROD-current-composition
M2-45	PROD-current-composition
M2-46a	PROD-current-composition
M2-46b	PROD-current-composition
M2-46c	PROD-current-composition
M2-46	PROD-current-composition
M2-47a	T11-identity-admin
M2-47b	T11-identity-admin
M2-47c	PROD-current-composition
M2-47d	PROD-current-composition
M2-47e	PROD-current-composition
M2-48	PROD-current-composition
M2-49	PROD-current-composition
M2-50	PROD-current-composition
M2-47	T11-identity-admin
M3-01	PROD-current-composition
M3-02	PROD-current-composition
M3-02a	PROD-current-composition
M3-03	PROD-current-composition
M3-04	PROD-current-composition
M3-05	PROD-current-composition
M3-06	PROD-current-composition
M3-07	PROD-current-composition
M3-08	PROD-current-composition
M3-09	T03-launch-connectors
M3-10	T04-discovery-worker
M3-11	T04-discovery-worker
M3-12	T04-discovery-worker
M3-13	T04-discovery-worker
M3-14	EXT-live-aws
M3-15	T04-discovery-worker
M3-16	T04-discovery-worker
M3-17	T04-discovery-worker
M3-18	T04-discovery-worker
M3-19	T04-discovery-worker
M3-20	T04-discovery-worker
M3-21	T04-discovery-worker
M3-22a	T03-launch-connectors
M3-22b	T03-launch-connectors
M3-22c	T03-launch-connectors
M3-22	T03-launch-connectors
M3-23	T03-launch-connectors
M3-24	T03-launch-connectors
M3-25	T03-launch-connectors
M3-26	T06-runtime-data-plane
M3-27	T06-runtime-data-plane
M3-28	T06-runtime-data-plane
M3-29	T06-runtime-data-plane
M3-30	T06-runtime-data-plane
M3-31	T06-runtime-data-plane
M3-32	T06-runtime-data-plane
M3-33	T06-runtime-data-plane
M3-34	T06-runtime-data-plane
M3-35	T06-runtime-data-plane
M3-36	T06-runtime-data-plane
M3-37	T06-runtime-data-plane
M3-38	T06-runtime-data-plane
M3-39	T06-runtime-data-plane
M3-40	T06-runtime-data-plane
M3-41	T06-runtime-data-plane
M3-42	T06-runtime-data-plane
M3-43a	T06-runtime-data-plane
M3-43b	T06-runtime-data-plane
M3-43c	T06-runtime-data-plane
M3-43d	T06-runtime-data-plane
M3-43	T06-runtime-data-plane
M3-44	T06-runtime-data-plane
M3-45	T04-discovery-worker
M3-46	T04-discovery-worker
M3-47	T04-discovery-worker
M3-48a	PROD-current-composition
M3-48b	PROD-current-composition
M3-48c1	PROD-current-composition
M3-48c2	T10-product-ui
M3-48c3	T10-product-ui
M3-48d	T10-product-ui
M3-48e	T10-product-ui
M3-48f	T10-product-ui
M3-48g	T10-product-ui
M3-48h	T10-product-ui
M3-48	PROD-current-composition
M3-49	T10-product-ui
M3-50	T10-product-ui
M3-51	T10-product-ui
M3-52a	T04-discovery-worker
M3-52b	T06-runtime-data-plane
M3-52c	T06-runtime-data-plane
M3-52d	T04-discovery-worker
M3-52e	T04-discovery-worker
M3-52	EXT-human-observation
M4-01a	T05-inventory-cutover
M4-01b	T05-inventory-cutover
M4-01c	T05-inventory-cutover
M4-01d	T05-inventory-cutover
M4-01e	T05-inventory-cutover
M4-01f	T05-inventory-cutover
M4-01	T05-inventory-cutover
M4-02	T05-inventory-cutover
M4-03	PROD-current-composition
M4-04	PROD-current-composition
M4-05	T05-inventory-cutover
M4-06	PROD-current-composition
M4-07	PROD-current-composition
M4-08	PROD-current-composition
M4-09	PROD-current-composition
M4-10	PROD-current-composition
M4-11	PROD-current-composition
M4-12	PROD-current-composition
M4-13	PROD-current-composition
M4-14	PROD-current-composition
M4-15	PROD-current-composition
M4-16	T05-inventory-cutover
M4-17	T05-inventory-cutover
M4-18	T05-inventory-cutover
M4-19	T05-inventory-cutover
M4-20	T05-inventory-cutover
M4-21	T05-inventory-cutover
M4-22	T05-inventory-cutover
M4-23	T05-inventory-cutover
M4-24	T05-inventory-cutover
M4-25	T05-inventory-cutover
M4-26	T05-inventory-cutover
M4-27	T05-inventory-cutover
M4-28	T05-inventory-cutover
M4-29	T05-inventory-cutover
M4-30	T05-inventory-cutover
M4-31	T05-inventory-cutover
M4-32	T05-inventory-cutover
M4-33	T05-inventory-cutover
M4-34	PROD-current-composition
M4-35	PROD-current-composition
M4-36	PROD-current-composition
M4-37	PROD-current-composition
M4-38	T14-data-workflows
M4-39	T14-data-workflows
M4-40	T05-inventory-cutover
M4-41	T05-inventory-cutover
M4-42	T05-inventory-cutover
M4-43	PROD-current-composition
M4-44	PROD-current-composition
M4-45	PROD-current-composition
M4-46	PROD-current-composition
M4-47	PROD-current-composition
M4-48	T14-data-workflows
M4-49	T14-data-workflows
M4-50a	PROD-current-composition
M4-50b1	PROD-current-composition
M4-50b2	PROD-current-composition
M4-50b3	PROD-current-composition
M4-50c	PROD-current-composition
M4-50	PROD-current-composition
M4-51a	PROD-current-composition
M4-51b1	PROD-current-composition
M4-51b2	PROD-current-composition
M4-51b3	PROD-current-composition
M4-51c	PROD-current-composition
M4-51d	PROD-current-composition
M4-51e	PROD-current-composition
M4-51	PROD-current-composition
M4-52	PROD-current-composition
M4-53	PROD-current-composition
M4-54	PROD-current-composition
M4-55	PROD-current-composition
M4-56	PROD-current-composition
M4-57	PROD-current-composition
M4-58	PROD-current-composition
M4-59a	T05-inventory-cutover
M4-59b	T05-inventory-cutover
M4-59c	T05-inventory-cutover
M4-59d	T05-inventory-cutover
M4-59e	T05-inventory-cutover
M4-59	T05-inventory-cutover
M5-01	T12-red-team
M5-02	T12-red-team
M5-03	T12-red-team
M5-04	T12-red-team
M5-05	T12-red-team
M5-06	T12-red-team
M5-07	T12-red-team
M5-08	T12-red-team
M5-09	T12-red-team
M5-10	T12-red-team
M5-11	T12-red-team
M5-12	T12-red-team
M5-13	T12-red-team
M5-14	T12-red-team
M5-15	T12-red-team
M5-16	T12-red-team
M5-17	T12-red-team
M5-18	T12-red-team
M5-19	T12-red-team
M5-20	T12-red-team
M5-21	T12-red-team
M5-22	T12-red-team
M5-23a	T13-attack-lab
M5-23b	T13-attack-lab
M5-23c	T13-attack-lab
M5-23d	T13-attack-lab
M5-23	T13-attack-lab
M5-24	T13-attack-lab
M5-25	T13-attack-lab
M5-26	T13-attack-lab
M5-27	T13-attack-lab
M5-28	T13-attack-lab
M5-29	T13-attack-lab
M5-30	T13-attack-lab
M5-31	T13-attack-lab
M5-32	T13-attack-lab
M5-33a	T13-attack-lab
M5-33b	T13-attack-lab
M5-33c	T13-attack-lab
M5-33	T13-attack-lab
M5-34	T13-attack-lab
M5-35	T13-attack-lab
M6-01	PROD-current-composition
M6-02	PROD-current-composition
M6-03	T06-runtime-data-plane
M6-04	T06-runtime-data-plane
M6-05	T06-runtime-data-plane
M6-06	T06-runtime-data-plane
M6-07	T06-runtime-data-plane
M6-08	PROD-current-composition
M6-09	PROD-current-composition
M6-10	PROD-current-composition
M6-11	PROD-current-composition
M6-12	PROD-current-composition
M6-13	T06-runtime-data-plane
M6-14	PROD-current-composition
M6-15	PROD-current-composition
M6-16	T06-runtime-data-plane
M6-17	T06-runtime-data-plane
M6-18	PROD-current-composition
M6-19	T06-runtime-data-plane
M6-20	T06-runtime-data-plane
M6-21	T06-runtime-data-plane
M6-22	T06-runtime-data-plane
M6-23	T06-runtime-data-plane
M6-24	T06-runtime-data-plane
M6-25	T06-runtime-data-plane
M6-26	T06-runtime-data-plane
M6-27	PROD-current-composition
M6-28	PROD-current-composition
M6-29	PROD-current-composition
M6-30	T06-runtime-data-plane
M6-31a	T06-runtime-data-plane
M6-31b	T06-runtime-data-plane
M6-31c	T06-runtime-data-plane
M6-31d	T06-runtime-data-plane
M6-31e	T06-runtime-data-plane
M6-31	T06-runtime-data-plane
M7-01	PROD-current-composition
M7-02	PROD-current-composition
M7-03	PROD-current-composition
M7-04	PROD-current-composition
M7-05	T14-data-workflows
M7-06	PROD-current-composition
M7-07a	PROD-current-composition
M7-07b	PROD-current-composition
M7-07c	PROD-current-composition
M7-07	PROD-current-composition
M7-08	PROD-current-composition
M7-09	PROD-current-composition
M7-10	PROD-current-composition
M7-11	PROD-current-composition
M7-12	T14-data-workflows
M7-13	T14-data-workflows
M7-14	T14-data-workflows
M7-15a	PROD-current-composition
M7-15b	PROD-current-composition
M7-15c	PROD-current-composition
M7-15d	T14-data-workflows
M7-15	PROD-current-composition
M7-16	PROD-current-composition
M7-17	PROD-current-composition
M7-18	PROD-current-composition
M7-19	T14-data-workflows
M7-20	PROD-current-composition
M7-21	PROD-current-composition
M7-22	T14-data-workflows
M7-22a	T14-data-workflows
M7-23	T14-data-workflows
M7-24	T14-data-workflows
M7-25	T14-data-workflows
M7-26a	T14-data-workflows
M7-26b	T14-data-workflows
M7-26c	T14-data-workflows
M7-26	T14-data-workflows
M7-27	T14-data-workflows
M7-28	T14-data-workflows
M7-29	PROD-current-composition
M7-30	PROD-current-composition
M7-31	PROD-current-composition
M7-32	PROD-current-composition
M7-33	PROD-current-composition
M7-34	PROD-current-composition
M7-35	PROD-current-composition
M7-36	PROD-current-composition
M7-37	PROD-current-composition
M7-38	PROD-current-composition
M7-39a	T14-data-workflows
M7-39b	T14-data-workflows
M7-39c	T14-data-workflows
M7-39d	T14-data-workflows
M7-39e	T14-data-workflows
M7-39	T14-data-workflows
M7-40a	PROD-current-composition
M7-40b	PROD-current-composition
M7-40c	PROD-current-composition
M7-40d	PROD-current-composition
M7-40e	T14-data-workflows
M7-40f	PROD-current-composition
M7-40	T14-data-workflows
M7A-01	PROD-current-composition
M7A-02	T07-security-agent-authority
M7A-03	T07-security-agent-authority
M7A-04	T07-security-agent-authority
M7A-05	T07-security-agent-authority
M7A-06	T07-security-agent-authority
M7A-07	T07-security-agent-authority
M7A-08	T07-security-agent-authority
M7A-09	T07-security-agent-authority
M7A-10	T07-security-agent-authority
M7A-11	T07-security-agent-authority
M7A-12	T07-security-agent-authority
M7A-13	T07-security-agent-authority
M7A-14	T07-security-agent-authority
M7A-15	T08-supervised-agent
M7A-16	T08-supervised-agent
M7A-17	T08-supervised-agent
M7A-18	T08-supervised-agent
M7A-18a	T08-supervised-agent
M7A-18b	T08-supervised-agent
M7A-18c	T08-supervised-agent
M7A-18d	T08-supervised-agent
M7A-19	T08-supervised-agent
M7A-20	T08-supervised-agent
M7A-21	T08-supervised-agent
M7A-22	T08-supervised-agent
M7A-23	T08-supervised-agent
M7A-24	T08-supervised-agent
M7A-25	T08-supervised-agent
M7A-26	T08-supervised-agent
M7A-27	T08-supervised-agent
M7A-28	T08-supervised-agent
M7A-29	PROD-current-composition
M7A-30	PROD-current-composition
M7A-31	PROD-current-composition
M7A-32	PROD-current-composition
M7A-33	PROD-current-composition
M7A-34	PROD-current-composition
M7A-35	T07-security-agent-authority
M7A-36	T07-security-agent-authority
M7A-37	T07-security-agent-authority
M7A-38	T07-security-agent-authority
M7A-38a	T07-security-agent-authority
M7A-38b	T07-security-agent-authority
M7A-38c	T07-security-agent-authority
M7A-38d	T07-security-agent-authority
M7A-39	T07-security-agent-authority
M7A-40	T07-security-agent-authority
M7A-41	T07-security-agent-authority
M7A-42	T07-security-agent-authority
M7A-43	T07-security-agent-authority
M7A-44	T07-security-agent-authority
M7A-45	T07-security-agent-authority
M7A-46	T07-security-agent-authority
M7A-47	T07-security-agent-authority
M7A-48	T07-security-agent-authority
M7A-49	T07-security-agent-authority
M7A-50	T09-agent-actions
M7A-51	T09-agent-actions
M7A-52	T09-agent-actions
M7A-53	T09-agent-actions
M7A-54	T09-agent-actions
M7A-55	T09-agent-actions
M7A-56	T09-agent-actions
M7A-57	T09-agent-actions
M7A-58	T09-agent-actions
M7A-59	T09-agent-actions
M7A-60	T09-agent-actions
M7A-61	PROD-current-composition
M7A-62	T07-security-agent-authority
M7A-63	PROD-current-composition
M7A-64	PROD-current-composition
M7A-65	PROD-current-composition
M7A-66	PROD-current-composition
M7A-67	PROD-current-composition
M7A-68	T07-security-agent-authority
M7A-69	T07-security-agent-authority
M7A-70	T07-security-agent-authority
M7A-71	T07-security-agent-authority
M7A-72	T07-security-agent-authority
M7A-73	T07-security-agent-authority
M7A-74	T07-security-agent-authority
M7A-75	T07-security-agent-authority
M7A-76	T07-security-agent-authority
M7A-77	PROD-current-composition
M7A-78	PROD-current-composition
M7A-79	PROD-current-composition
M7A-80	PROD-current-composition
M7A-81	PROD-current-composition
M7A-82	PROD-current-composition
M7A-83	PROD-current-composition
M7A-84	T10-product-ui
M7A-85	PROD-current-composition
M7A-86	T10-product-ui
M7A-87	T10-product-ui
M7A-88	T10-product-ui
M7A-89	T10-product-ui
M7A-90	T10-product-ui
M7A-90a	T10-product-ui
M7A-90b	T10-product-ui
M7A-90c	T10-product-ui
M7A-90d	T10-product-ui
M7A-91	T09-agent-actions
M7A-92	T09-agent-actions
M7A-93	T09-agent-actions
M7A-94	T09-agent-actions
M7A-95	T09-agent-actions
M7A-96	T09-agent-actions
M7A-97	T09-agent-actions
M7A-98	T09-agent-actions
M7A-99	T09-agent-actions
M7A-100	T09-agent-actions
M7A-101	T09-agent-actions
M8-01a	T15-deployment
M8-01b	T15-deployment
M8-01c	T15-deployment
M8-01	T15-deployment
M8-02	T15-deployment
M8-03	T15-deployment
M8-04	T15-deployment
M8-05	T15-deployment
M8-06	T15-deployment
M8-07	T15-deployment
M8-08a	PROD-current-composition
M8-08b	PROD-current-composition
M8-08c	PROD-current-composition
M8-08	PROD-current-composition
M8-09a	T15-deployment
M8-09b	T15-deployment
M8-09c	T15-deployment
M8-09	T15-deployment
M8-10	T15-deployment
M8-11	T15-deployment
M8-12	T15-deployment
M8-13	T15-deployment
M8-14	T15-deployment
M8-15	PROD-current-composition
M8-16	T16-recovery-ops
M8-17a	T16-recovery-ops
M8-17b	T16-recovery-ops
M8-17c	T16-recovery-ops
M8-17d	T16-recovery-ops
M8-17e	T16-recovery-ops
M8-17	T16-recovery-ops
M8-18	T16-recovery-ops
M8-19	T16-recovery-ops
M8-20a	T16-recovery-ops
M8-20b	T16-recovery-ops
M8-20c	T16-recovery-ops
M8-20	T16-recovery-ops
M8-21a	T16-recovery-ops
M8-21b	T16-recovery-ops
M8-21c	T16-recovery-ops
M8-21d	T16-recovery-ops
M8-21e	T16-recovery-ops
M8-21	T16-recovery-ops
M8-22a	T16-recovery-ops
M8-22b	T16-recovery-ops
M8-22c	T16-recovery-ops
M8-22d	T16-recovery-ops
M8-22	T16-recovery-ops
M8-23a	T16-recovery-ops
M8-23b	T16-recovery-ops
M8-23c	T16-recovery-ops
M8-23d	T16-recovery-ops
M8-23	T16-recovery-ops
M8-24	T16-recovery-ops
M8-25	EXT-cloud-deploy
M8-26	EXT-cloud-deploy
M8-27	EXT-cloud-deploy
M8-28	EXT-cloud-deploy
M8-29	EXT-cloud-deploy
M8-30	EXT-cloud-deploy
M8-31	EXT-cloud-deploy
M8-32	EXT-cloud-deploy
M8-33	EXT-cloud-deploy
M8-34	EXT-cloud-deploy
M8-35	EXT-cloud-deploy
M8-36a	T16-recovery-ops
M8-36b	EXT-cloud-deploy
M8-36c	T16-recovery-ops
M8-36	EXT-cloud-deploy
M8-37	EXT-cloud-deploy
M8-38a	T16-recovery-ops
M8-38b	EXT-cloud-deploy
M8-38c	T16-recovery-ops
M8-38	EXT-cloud-deploy
M8-39	EXT-cloud-deploy
M8-40a	T16-recovery-ops
M8-40b	T16-recovery-ops
M8-40c	T16-recovery-ops
M8-40d	T16-recovery-ops
M8-40	T16-recovery-ops
M8-41	T03-launch-connectors
M8-42a	T14-data-workflows
M8-42b	T14-data-workflows
M8-42c	T14-data-workflows
M8-42d	T14-data-workflows
M8-42e	T14-data-workflows
M8-42f	T14-data-workflows
M8-42	T14-data-workflows
M8-43	T06-runtime-data-plane
M8-44	T13-attack-lab
M8-45	EXT-image-attestation
M8-46	EXT-image-attestation
M8-47	PROD-current-composition
M8-48	PROD-current-composition
M8-49	PROD-current-composition
M8-50	PROD-current-composition
M8-51a	EXT-cloud-deploy
M8-51b	EXT-cloud-deploy
M8-51c	EXT-cloud-deploy
M8-51d	EXT-cloud-deploy
M8-51e	EXT-cloud-deploy
M8-51	EXT-cloud-deploy
M8-52a	EXT-human-observation
M8-52b	EXT-human-observation
M8-52c	EXT-human-observation
M8-52d	EXT-human-observation
M8-52	EXT-human-observation
M8-53	EXT-human-observation
M8-55	PROD-current-composition
M8-56	T15-deployment
M8-57a	T15-deployment
M8-57b	T15-deployment
M8-57c	T15-deployment
M8-57	T15-deployment
M8-58a	T16-recovery-ops
M8-58b	EXT-cloud-deploy
M8-58	EXT-cloud-deploy
M8-59a1	T16-recovery-ops
M8-59a2	T16-recovery-ops
M8-59a3	T16-recovery-ops
M8-59a	T16-recovery-ops
M8-59b	EXT-cloud-deploy
M8-59	EXT-cloud-deploy
M8-60a	T16-recovery-ops
M8-60b	EXT-cloud-deploy
M8-60	EXT-cloud-deploy
M8-61a	EXT-cloud-deploy
M8-61	EXT-cloud-deploy
M8-62a	EXT-human-observation
M8-62b	EXT-human-observation
M8-62c	EXT-human-observation
M8-62d	EXT-human-observation
M8-62e	EXT-human-observation
M8-62	EXT-human-observation
M8-63a	EXT-cloud-deploy
M8-63b	EXT-cloud-deploy
M8-63c	EXT-cloud-deploy
M8-63d	EXT-cloud-deploy
M8-63e	EXT-cloud-deploy
M8-63	EXT-cloud-deploy
M8-54	EXT-cloud-deploy
