milestone	id	production_class	owning_production_task
M0	M0-02	component-only	T11-identity-admin
M0	M0-03	component-only	T11-identity-admin
M0	M0-06	component-only	T04-discovery-worker
M0	M0-07	component-only	T04-discovery-worker
M0	M0-08	component-only	T04-discovery-worker
M0	M0-09	blocked/external	EXT-live-aws
M0	M0-10	component-only	T04-discovery-worker
M0	M0-11	component-only	T03-launch-connectors
M0	M0-14a	component-only	T03-launch-connectors
M0	M0-14b	component-only	T03-launch-connectors
M0	M0-14c	component-only	T03-launch-connectors
M0	M0-14	component-only	T03-launch-connectors
M0	M0-15	component-only	T03-launch-connectors
M0	M0-16	component-only	T12-red-team
M0	M0-18	blocked/external	EXT-live-fargate
M0	M0-19	blocked/external	EXT-live-fargate
M0	M0-20	component-only	T14-data-workflows
M0	M0-21	component-only	T14-data-workflows
M0	M0-21a	component-only	T07-security-agent-authority
M0	M0-22	component-only	T14-data-workflows
M1	M1-01b	component-only	T04-discovery-worker
M1	M1-01c	component-only	T10-product-ui
M1	M1-30a	component-only	T04-discovery-worker
M1	M1-30b	component-only	T04-discovery-worker
M1	M1-30c	component-only	T04-discovery-worker
M1	M1-30d	component-only	T04-discovery-worker
M1	M1-30	component-only	T04-discovery-worker
M1	M1-31	component-only	T04-discovery-worker
M1	M1-33	component-only	T04-discovery-worker
M1	M1-34	component-only	T04-discovery-worker
M1	M1-36e	component-only	T04-discovery-worker
M1A	M1A-01	component-only	T15-deployment
M1A	M1A-02	component-only	T15-deployment
M1A	M1A-03	component-only	T15-deployment
M1A	M1A-04	component-only	T15-deployment
M1A	M1A-05	component-only	T15-deployment
M1A	M1A-06	component-only	T15-deployment
M1A	M1A-07	blocked/external	EXT-cloud-deploy
M1A	M1A-08	blocked/external	EXT-cloud-deploy
M1A	M1A-09	blocked/external	EXT-cloud-deploy
M1A	M1A-10	blocked/external	EXT-cloud-deploy
M2	M2-33	component-only	T11-identity-admin
M2	M2-41	component-only	T11-identity-admin
M2	M2-42	component-only	T11-identity-admin
M2	M2-46b	component-only	T11-identity-admin
M2	M2-47	component-only	T11-identity-admin
M3	M3-14	blocked/external	EXT-live-aws
M3	M3-52	blocked/external	EXT-human-observation
M7	M7-08	component-only	T14-data-workflows
M7	M7-09	component-only	T14-data-workflows
M7	M7-10	component-only	T14-data-workflows
M7	M7-11	component-only	T14-data-workflows
M7	M7-12	component-only	T14-data-workflows
M7	M7-13	component-only	T14-data-workflows
M7	M7-14	component-only	T14-data-workflows
M7	M7-15a	component-only	T14-data-workflows
M7	M7-15b	component-only	T14-data-workflows
M7	M7-15d	component-only	T14-data-workflows
M7	M7-15	component-only	T14-data-workflows
M7	M7-19	component-only	T14-data-workflows
M7	M7-22	component-only	T14-data-workflows
M7	M7-22a	component-only	T14-data-workflows
M7	M7-23	component-only	T14-data-workflows
M7	M7-24	component-only	T14-data-workflows
M7	M7-25	component-only	T14-data-workflows
M7	M7-26a	component-only	T14-data-workflows
M7	M7-26b	component-only	T14-data-workflows
M7	M7-26c	component-only	T14-data-workflows
M7	M7-26	component-only	T14-data-workflows
M7	M7-27	component-only	T14-data-workflows
M7	M7-28	component-only	T14-data-workflows
M7	M7-36	component-only	T11-identity-admin
M7	M7-39a	component-only	T14-data-workflows
M7	M7-39b	component-only	T14-data-workflows
M7	M7-39c	component-only	T14-data-workflows
M7	M7-39d	component-only	T14-data-workflows
M7	M7-39e	component-only	T14-data-workflows
M7	M7-39	component-only	T14-data-workflows
M7	M7-40e	component-only	T14-data-workflows
M7	M7-40	component-only	T14-data-workflows
M7A	M7A-16	component-only	T08-supervised-agent
M7A	M7A-21	component-only	T08-supervised-agent
M7A	M7A-22	component-only	T08-supervised-agent
M7A	M7A-23	component-only	T08-supervised-agent
M7A	M7A-24	component-only	T08-supervised-agent
M7A	M7A-25	component-only	T08-supervised-agent
M7A	M7A-49	component-only	T07-security-agent-authority
M7A	M7A-84	component-only	T10-product-ui
M7A	M7A-86	component-only	T10-product-ui
M7A	M7A-87	component-only	T10-product-ui
M7A	M7A-88	component-only	T10-product-ui
M7A	M7A-89	component-only	T10-product-ui
M7A	M7A-90	component-only	T10-product-ui
M7A	M7A-94	component-only	T09-agent-actions
M7A	M7A-95	component-only	T09-agent-actions
M7A	M7A-96	component-only	T09-agent-actions
M7A	M7A-100	component-only	T09-agent-actions
M7A	M7A-101	component-only	T09-agent-actions
M8	M8-01a	component-only	T15-deployment
M8	M8-01b	component-only	T15-deployment
M8	M8-01c	component-only	T15-deployment
M8	M8-01	component-only	T15-deployment
M8	M8-02	component-only	T15-deployment
M8	M8-03	component-only	T15-deployment
M8	M8-04	component-only	T15-deployment
M8	M8-05	component-only	T15-deployment
M8	M8-06	component-only	T15-deployment
M8	M8-07	component-only	T15-deployment
M8	M8-16	component-only	T16-recovery-ops
M8	M8-17a	component-only	T16-recovery-ops
M8	M8-17b	component-only	T16-recovery-ops
M8	M8-17c	component-only	T16-recovery-ops
M8	M8-17d	component-only	T16-recovery-ops
M8	M8-17e	component-only	T16-recovery-ops
M8	M8-17	component-only	T16-recovery-ops
M8	M8-18	component-only	T16-recovery-ops
M8	M8-19	component-only	T16-recovery-ops
M8	M8-22a	component-only	T16-recovery-ops
M8	M8-22b	component-only	T16-recovery-ops
M8	M8-22c	component-only	T16-recovery-ops
M8	M8-22d	component-only	T16-recovery-ops
M8	M8-22	component-only	T16-recovery-ops
M8	M8-23a	component-only	T16-recovery-ops
M8	M8-23b	component-only	T16-recovery-ops
M8	M8-23c	component-only	T16-recovery-ops
M8	M8-23d	component-only	T16-recovery-ops
M8	M8-23	component-only	T16-recovery-ops
M8	M8-24	component-only	T16-recovery-ops
M8	M8-25	blocked/external	EXT-cloud-deploy
M8	M8-26	blocked/external	EXT-cloud-deploy
M8	M8-27	blocked/external	EXT-cloud-deploy
M8	M8-28	blocked/external	EXT-cloud-deploy
M8	M8-29	blocked/external	EXT-cloud-deploy
M8	M8-30	blocked/external	EXT-cloud-deploy
M8	M8-31	blocked/external	EXT-cloud-deploy
M8	M8-32	blocked/external	EXT-cloud-deploy
M8	M8-33	blocked/external	EXT-cloud-deploy
M8	M8-34	blocked/external	EXT-cloud-deploy
M8	M8-35	blocked/external	EXT-cloud-deploy
M8	M8-36a	component-only	T16-recovery-ops
M8	M8-36b	blocked/external	EXT-cloud-deploy
M8	M8-36c	component-only	T16-recovery-ops
M8	M8-36	blocked/external	EXT-cloud-deploy
M8	M8-37	blocked/external	EXT-cloud-deploy
M8	M8-38a	component-only	T16-recovery-ops
M8	M8-38b	blocked/external	EXT-cloud-deploy
M8	M8-38c	component-only	T16-recovery-ops
M8	M8-38	blocked/external	EXT-cloud-deploy
M8	M8-39	blocked/external	EXT-cloud-deploy
M8	M8-40a	component-only	T16-recovery-ops
M8	M8-40b	component-only	T16-recovery-ops
M8	M8-40c	component-only	T16-recovery-ops
M8	M8-40d	component-only	T16-recovery-ops
M8	M8-40	component-only	T16-recovery-ops
M8	M8-41	component-only	T03-launch-connectors
M8	M8-42a	component-only	T14-data-workflows
M8	M8-42b	component-only	T14-data-workflows
M8	M8-42c	component-only	T14-data-workflows
M8	M8-42d	component-only	T14-data-workflows
M8	M8-42e	component-only	T14-data-workflows
M8	M8-42f	component-only	T14-data-workflows
M8	M8-42	component-only	T14-data-workflows
M8	M8-45	blocked/external	EXT-image-attestation
M8	M8-46	blocked/external	EXT-image-attestation
M8	M8-47	component-only	T15-deployment
M8	M8-51a	blocked/external	EXT-cloud-deploy
M8	M8-51b	blocked/external	EXT-cloud-deploy
M8	M8-51c	blocked/external	EXT-cloud-deploy
M8	M8-51d	blocked/external	EXT-cloud-deploy
M8	M8-51e	blocked/external	EXT-cloud-deploy
M8	M8-51	blocked/external	EXT-cloud-deploy
M8	M8-52a	blocked/external	EXT-human-observation
M8	M8-52b	blocked/external	EXT-human-observation
M8	M8-52c	blocked/external	EXT-human-observation
M8	M8-52d	blocked/external	EXT-human-observation
M8	M8-52	blocked/external	EXT-human-observation
M8	M8-53	blocked/external	EXT-human-observation
M8	M8-56	component-only	T15-deployment
M8	M8-58a	component-only	T16-recovery-ops
M8	M8-58b	blocked/external	EXT-cloud-deploy
M8	M8-58	blocked/external	EXT-cloud-deploy
M8	M8-59a1	component-only	T16-recovery-ops
M8	M8-59a2	component-only	T16-recovery-ops
M8	M8-59a3	component-only	T16-recovery-ops
M8	M8-59a	component-only	T16-recovery-ops
M8	M8-59b	blocked/external	EXT-cloud-deploy
M8	M8-59	blocked/external	EXT-cloud-deploy
M8	M8-60a	component-only	T16-recovery-ops
M8	M8-60b	blocked/external	EXT-cloud-deploy
M8	M8-60	blocked/external	EXT-cloud-deploy
M8	M8-61a	blocked/external	EXT-cloud-deploy
M8	M8-61	blocked/external	EXT-cloud-deploy
M8	M8-62a	blocked/external	EXT-human-observation
M8	M8-62b	blocked/external	EXT-human-observation
M8	M8-62c	blocked/external	EXT-human-observation
M8	M8-62d	blocked/external	EXT-human-observation
M8	M8-62e	blocked/external	EXT-human-observation
M8	M8-62	blocked/external	EXT-human-observation
M8	M8-63a	blocked/external	EXT-cloud-deploy
M8	M8-63b	blocked/external	EXT-cloud-deploy
M8	M8-63c	blocked/external	EXT-cloud-deploy
M8	M8-63d	blocked/external	EXT-cloud-deploy
M8	M8-63e	blocked/external	EXT-cloud-deploy
M8	M8-63	blocked/external	EXT-cloud-deploy
M8	M8-54	blocked/external	EXT-cloud-deploy
