original_id	production_owner	implemented_shared_prerequisite	verification_scope	availability_change
M1A-01	T15-deployment	complete API configuration-loader check before startup	application component; deployed task acceptance remains open	none
M1A-02	T15-deployment	complete API configuration-loader check before startup	application component; deployed task acceptance remains open	none
M1A-03	T15-deployment	complete API configuration-loader check before startup	application component; deployed task acceptance remains open	none
M1A-04	T15-deployment	complete API configuration-loader check before startup	application component; deployed task acceptance remains open	none
M1A-05	T15-deployment	complete API configuration-loader check before startup	application component; deployed task acceptance remains open	none
M1A-06	T15-deployment	complete API configuration-loader check before startup	application component; deployed task acceptance remains open	none
M8-01a	T15-deployment	complete API configuration-loader check before startup	application component; deployed task acceptance remains open	none
M8-01b	T15-deployment	complete API configuration-loader check before startup	application component; deployed task acceptance remains open	none
M8-01c	T15-deployment	complete API configuration-loader check before startup	application component; deployed task acceptance remains open	none
M8-01	T15-deployment	complete API configuration-loader check before startup	application component; deployed task acceptance remains open	none
M8-02	T15-deployment	complete API configuration-loader check before startup	application component; deployed task acceptance remains open	none
M8-03	T15-deployment	complete API configuration-loader check before startup	application component; deployed task acceptance remains open	none
M8-04	T15-deployment	complete API configuration-loader check before startup	application component; deployed task acceptance remains open	none
M8-05	T15-deployment	complete API configuration-loader check before startup	application component; deployed task acceptance remains open	none
M8-06	T15-deployment	complete API configuration-loader check before startup	application component; deployed task acceptance remains open	none
M8-07	T15-deployment	complete API configuration-loader check before startup	application component; deployed task acceptance remains open	none
M8-09a	T15-deployment	complete API configuration-loader check before startup	application component; deployed task acceptance remains open	none
M8-09b	T15-deployment	complete API configuration-loader check before startup	application component; deployed task acceptance remains open	none
M8-09c	T15-deployment	complete API configuration-loader check before startup	application component; deployed task acceptance remains open	none
M8-09	T15-deployment	complete API configuration-loader check before startup	application component; deployed task acceptance remains open	none
M8-10	T15-deployment	complete API configuration-loader check before startup	application component; deployed task acceptance remains open	none
M8-11	T15-deployment	complete API configuration-loader check before startup	application component; deployed task acceptance remains open	none
M8-12	T15-deployment	complete API configuration-loader check before startup	application component; deployed task acceptance remains open	none
M8-13	T15-deployment	complete API configuration-loader check before startup	application component; deployed task acceptance remains open	none
M8-14	T15-deployment	complete API configuration-loader check before startup	application component; deployed task acceptance remains open	none
M8-47	T15-deployment	complete API configuration-loader check before startup	application component; deployed task acceptance remains open	none
M8-56	T15-deployment	complete API configuration-loader check before startup	application component; deployed task acceptance remains open	none
M8-57a	T15-deployment	complete API configuration-loader check before startup	application component; deployed task acceptance remains open	none
M8-57b	T15-deployment	complete API configuration-loader check before startup	application component; deployed task acceptance remains open	none
M8-57c	T15-deployment	complete API configuration-loader check before startup	application component; deployed task acceptance remains open	none
M8-57	T15-deployment	complete API configuration-loader check before startup	application component; deployed task acceptance remains open	none
